,YEAR,TransMode,Hour,DIFFREM,DIFFPHYS,DIFFMOB,DIFFCARE,DIFFSENS,DIFFEYE,DIFFHEAR,Estimated_Commuters
0,2017,AutoOccupants,0,No,No,No,No,No,No,No,1034.0
1,2017,AutoOccupants,0,No,No,No,No,Yes,No,Yes,18.0
2,2017,AutoOccupants,0,No,Yes,No,No,No,No,No,104.0
3,2017,AutoOccupants,1,No,No,No,No,No,No,No,388.0
4,2017,AutoOccupants,2,No,No,No,No,No,No,No,2445.0
5,2017,AutoOccupants,2,Yes,Yes,No,No,No,No,No,35.0
6,2017,AutoOccupants,3,No,No,No,No,No,No,No,3127.0
7,2017,AutoOccupants,4,No,No,No,No,No,No,No,4308.0
8,2017,AutoOccupants,4,No,No,No,No,Yes,Yes,No,66.0
9,2017,AutoOccupants,4,No,Yes,No,No,Yes,No,Yes,230.0
10,2017,AutoOccupants,5,No,No,No,No,No,No,No,17476.0
11,2017,AutoOccupants,5,No,No,No,No,Yes,No,Yes,332.0
12,2017,AutoOccupants,5,No,No,Yes,No,Yes,Yes,No,98.0
13,2017,AutoOccupants,5,No,Yes,No,Yes,No,No,No,43.0
14,2017,AutoOccupants,5,Yes,Yes,No,No,No,No,No,64.0
15,2017,AutoOccupants,6,No,No,No,No,No,No,No,44157.0
16,2017,AutoOccupants,6,No,No,No,No,Yes,No,Yes,39.0
17,2017,AutoOccupants,6,No,No,No,No,Yes,Yes,No,306.0
18,2017,AutoOccupants,6,No,No,Yes,No,No,No,No,171.0
19,2017,AutoOccupants,6,No,Yes,No,No,No,No,No,76.0
20,2017,AutoOccupants,6,No,Yes,No,No,Yes,Yes,Yes,137.0
21,2017,AutoOccupants,6,No,Yes,Yes,No,No,No,No,148.0
22,2017,AutoOccupants,6,No,Yes,Yes,Yes,No,No,No,78.0
23,2017,AutoOccupants,6,Yes,No,No,No,No,No,No,282.0
24,2017,AutoOccupants,7,No,No,No,No,No,No,No,68480.0
25,2017,AutoOccupants,7,No,No,No,No,Yes,No,Yes,105.0
26,2017,AutoOccupants,7,No,No,No,No,Yes,Yes,No,685.0
27,2017,AutoOccupants,7,No,Yes,No,No,No,No,No,611.0
28,2017,AutoOccupants,7,No,Yes,Yes,No,No,No,No,255.0
29,2017,AutoOccupants,7,Yes,No,No,No,No,No,No,135.0
30,2017,AutoOccupants,7,Yes,Yes,Yes,Yes,No,No,No,227.0
31,2017,AutoOccupants,8,No,No,No,No,No,No,No,66000.0
32,2017,AutoOccupants,8,No,No,No,No,Yes,No,Yes,685.0
33,2017,AutoOccupants,8,No,No,No,No,Yes,Yes,No,478.0
34,2017,AutoOccupants,8,No,No,No,Yes,No,No,No,160.0
35,2017,AutoOccupants,8,No,No,Yes,No,No,No,No,66.0
36,2017,AutoOccupants,8,No,Yes,No,No,No,No,No,571.0
37,2017,AutoOccupants,8,No,Yes,No,No,Yes,No,Yes,91.0
38,2017,AutoOccupants,8,No,Yes,No,No,Yes,Yes,No,46.0
39,2017,AutoOccupants,8,No,Yes,Yes,No,Yes,No,Yes,125.0
40,2017,AutoOccupants,8,No,Yes,Yes,Yes,No,No,No,174.0
41,2017,AutoOccupants,8,Yes,No,No,No,No,No,No,906.0
42,2017,AutoOccupants,8,Yes,No,No,No,Yes,Yes,No,216.0
43,2017,AutoOccupants,8,Yes,No,Yes,No,No,No,No,128.0
44,2017,AutoOccupants,8,Yes,Yes,No,No,No,No,No,130.0
45,2017,AutoOccupants,9,No,No,No,No,No,No,No,45399.0
46,2017,AutoOccupants,9,No,No,No,No,Yes,No,Yes,394.0
47,2017,AutoOccupants,9,No,No,No,No,Yes,Yes,No,209.0
48,2017,AutoOccupants,9,No,Yes,No,No,No,No,No,78.0
49,2017,AutoOccupants,9,No,Yes,No,No,Yes,No,Yes,60.0
50,2017,AutoOccupants,9,No,Yes,Yes,Yes,No,No,No,66.0
51,2017,AutoOccupants,9,Yes,No,No,No,No,No,No,355.0
52,2017,AutoOccupants,9,Yes,No,Yes,No,Yes,Yes,No,95.0
53,2017,AutoOccupants,10,No,No,No,No,No,No,No,20225.0
54,2017,AutoOccupants,10,No,No,No,No,Yes,Yes,No,32.0
55,2017,AutoOccupants,10,No,Yes,No,No,No,No,No,211.0
56,2017,AutoOccupants,10,No,Yes,Yes,Yes,No,No,No,89.0
57,2017,AutoOccupants,10,No,Yes,Yes,Yes,Yes,No,Yes,44.0
58,2017,AutoOccupants,10,Yes,Yes,Yes,Yes,Yes,No,Yes,47.0
59,2017,AutoOccupants,11,No,No,No,No,No,No,No,7184.0
60,2017,AutoOccupants,11,No,No,No,No,Yes,Yes,No,46.0
61,2017,AutoOccupants,11,No,Yes,No,No,No,No,No,89.0
62,2017,AutoOccupants,11,Yes,No,No,No,No,No,No,80.0
63,2017,AutoOccupants,12,No,No,No,No,No,No,No,5323.0
64,2017,AutoOccupants,12,No,No,No,No,Yes,No,Yes,95.0
65,2017,AutoOccupants,12,No,Yes,No,No,No,No,No,109.0
66,2017,AutoOccupants,12,No,Yes,Yes,No,No,No,No,63.0
67,2017,AutoOccupants,13,No,No,No,No,No,No,No,4929.0
68,2017,AutoOccupants,13,No,No,No,No,Yes,No,Yes,116.0
69,2017,AutoOccupants,13,No,Yes,No,No,No,No,No,66.0
70,2017,AutoOccupants,14,No,No,No,No,No,No,No,4867.0
71,2017,AutoOccupants,14,No,Yes,No,No,No,No,No,484.0
72,2017,AutoOccupants,15,No,No,No,No,No,No,No,5262.0
73,2017,AutoOccupants,15,Yes,No,No,No,No,No,No,54.0
74,2017,AutoOccupants,15,Yes,No,No,No,Yes,Yes,Yes,96.0
75,2017,AutoOccupants,15,Yes,No,Yes,No,No,No,No,49.0
76,2017,AutoOccupants,16,No,No,No,No,No,No,No,4614.0
77,2017,AutoOccupants,16,No,No,No,No,Yes,Yes,Yes,336.0
78,2017,AutoOccupants,16,Yes,No,No,No,No,No,No,59.0
79,2017,AutoOccupants,17,No,No,No,No,No,No,No,4397.0
80,2017,AutoOccupants,17,No,No,Yes,No,No,No,No,18.0
81,2017,AutoOccupants,18,No,No,No,No,No,No,No,3900.0
82,2017,AutoOccupants,18,No,Yes,No,No,No,No,No,59.0
83,2017,AutoOccupants,18,Yes,Yes,Yes,Yes,No,No,No,90.0
84,2017,AutoOccupants,19,No,No,No,No,No,No,No,3434.0
85,2017,AutoOccupants,19,Yes,No,No,No,No,No,No,123.0
86,2017,AutoOccupants,20,No,No,No,No,No,No,No,1480.0
87,2017,AutoOccupants,21,No,No,No,No,No,No,No,2457.0
88,2017,AutoOccupants,22,No,No,No,No,No,No,No,4944.0
89,2017,AutoOccupants,23,No,No,No,No,No,No,No,4660.0
90,2017,AutoOccupants,23,No,No,No,No,Yes,No,Yes,61.0
91,2017,Bicycle,4,No,No,No,No,No,No,No,818.0
92,2017,Bicycle,5,No,No,No,No,No,No,No,282.0
93,2017,Bicycle,6,No,No,No,No,No,No,No,1618.0
94,2017,Bicycle,7,No,No,No,No,No,No,No,3130.0
95,2017,Bicycle,7,Yes,No,No,No,No,No,No,68.0
96,2017,Bicycle,8,No,No,No,No,No,No,No,9021.0
97,2017,Bicycle,8,No,No,No,No,Yes,No,Yes,58.0
98,2017,Bicycle,8,No,No,No,No,Yes,Yes,No,300.0
99,2017,Bicycle,8,Yes,No,No,No,No,No,No,57.0
100,2017,Bicycle,9,No,No,No,No,No,No,No,7565.0
101,2017,Bicycle,10,No,No,No,No,No,No,No,1971.0
102,2017,Bicycle,11,No,No,No,No,No,No,No,315.0
103,2017,Bicycle,12,No,No,No,No,No,No,No,489.0
104,2017,Bicycle,13,No,No,No,No,No,No,No,40.0
105,2017,Bicycle,14,No,No,No,No,No,No,No,417.0
106,2017,Bicycle,15,No,No,No,No,No,No,No,514.0
107,2017,Bicycle,16,No,No,No,No,No,No,No,113.0
108,2017,Bicycle,17,No,No,No,No,No,No,No,375.0
109,2017,Bicycle,18,No,No,No,No,No,No,No,489.0
110,2017,Bicycle,19,No,No,No,No,No,No,No,136.0
111,2017,Bicycle,19,No,No,No,No,Yes,No,Yes,83.0
112,2017,Bicycle,20,No,No,No,No,No,No,No,91.0
113,2017,Bus,0,No,No,No,No,No,No,No,1421.0
114,2017,Bus,1,No,No,No,No,No,No,No,358.0
115,2017,Bus,1,No,Yes,No,No,No,No,No,75.0
116,2017,Bus,2,No,No,No,No,No,No,No,748.0
117,2017,Bus,2,Yes,No,No,No,No,No,No,64.0
118,2017,Bus,2,Yes,No,No,No,Yes,Yes,Yes,298.0
119,2017,Bus,3,No,No,No,No,No,No,No,152.0
120,2017,Bus,4,No,No,No,No,No,No,No,1209.0
121,2017,Bus,5,No,No,No,No,No,No,No,4694.0
122,2017,Bus,5,No,Yes,No,No,No,No,No,187.0
123,2017,Bus,6,No,No,No,No,No,No,No,26981.0
124,2017,Bus,6,No,No,No,No,Yes,No,Yes,195.0
125,2017,Bus,6,No,No,No,No,Yes,Yes,No,348.0
126,2017,Bus,6,No,No,Yes,No,No,No,No,77.0
127,2017,Bus,6,No,No,Yes,No,Yes,No,Yes,57.0
128,2017,Bus,6,No,No,Yes,No,Yes,Yes,No,130.0
129,2017,Bus,6,No,Yes,No,No,No,No,No,570.0
130,2017,Bus,7,No,No,No,No,No,No,No,57158.0
131,2017,Bus,7,No,No,No,No,Yes,No,Yes,379.0
132,2017,Bus,7,No,No,No,No,Yes,Yes,No,518.0
133,2017,Bus,7,No,No,No,No,Yes,Yes,Yes,52.0
134,2017,Bus,7,No,No,Yes,No,No,No,No,268.0
135,2017,Bus,7,No,Yes,No,No,No,No,No,415.0
136,2017,Bus,7,No,Yes,Yes,Yes,No,No,No,250.0
137,2017,Bus,7,Yes,No,No,No,Yes,Yes,Yes,121.0
138,2017,Bus,7,Yes,No,Yes,No,No,No,No,122.0
139,2017,Bus,7,Yes,No,Yes,No,Yes,Yes,No,72.0
140,2017,Bus,7,Yes,Yes,No,No,Yes,Yes,Yes,452.0
141,2017,Bus,7,Yes,Yes,Yes,No,Yes,Yes,No,177.0
142,2017,Bus,7,Yes,Yes,Yes,Yes,Yes,No,Yes,384.0
143,2017,Bus,8,No,No,No,No,No,No,No,85486.0
144,2017,Bus,8,No,No,No,No,Yes,No,Yes,901.0
145,2017,Bus,8,No,No,No,No,Yes,Yes,No,1231.0
146,2017,Bus,8,No,Yes,No,No,No,No,No,1087.0
147,2017,Bus,8,No,Yes,No,No,Yes,Yes,Yes,190.0
148,2017,Bus,8,No,Yes,No,Yes,No,No,No,48.0
149,2017,Bus,8,No,Yes,Yes,No,Yes,Yes,No,32.0
150,2017,Bus,8,Yes,No,No,No,No,No,No,459.0
151,2017,Bus,8,Yes,No,Yes,No,No,No,No,74.0
152,2017,Bus,8,Yes,Yes,Yes,Yes,Yes,Yes,Yes,203.0
153,2017,Bus,9,No,No,No,No,No,No,No,50732.0
154,2017,Bus,9,No,No,No,No,Yes,No,Yes,494.0
155,2017,Bus,9,No,No,No,No,Yes,Yes,No,190.0
156,2017,Bus,9,No,No,No,No,Yes,Yes,Yes,95.0
157,2017,Bus,9,No,Yes,No,No,No,No,No,590.0
158,2017,Bus,9,No,Yes,No,Yes,Yes,Yes,Yes,129.0
159,2017,Bus,9,Yes,No,No,No,No,No,No,322.0
160,2017,Bus,9,Yes,No,No,No,Yes,Yes,No,75.0
161,2017,Bus,9,Yes,Yes,Yes,Yes,No,No,No,55.0
162,2017,Bus,9,Yes,Yes,Yes,Yes,Yes,Yes,Yes,100.0
163,2017,Bus,10,No,No,No,No,No,No,No,13971.0
164,2017,Bus,10,No,No,No,No,Yes,No,Yes,355.0
165,2017,Bus,10,No,Yes,No,No,No,No,No,35.0
166,2017,Bus,10,Yes,No,No,No,No,No,No,161.0
167,2017,Bus,11,No,No,No,No,No,No,No,3194.0
168,2017,Bus,11,No,No,No,No,Yes,Yes,No,77.0
169,2017,Bus,12,No,No,No,No,No,No,No,3199.0
170,2017,Bus,12,No,No,No,No,Yes,No,Yes,140.0
171,2017,Bus,12,No,No,No,No,Yes,Yes,No,179.0
172,2017,Bus,12,No,Yes,No,No,No,No,No,244.0
173,2017,Bus,12,Yes,No,No,No,No,No,No,83.0
174,2017,Bus,13,No,No,No,No,No,No,No,1576.0
175,2017,Bus,13,No,No,No,No,Yes,No,Yes,261.0
176,2017,Bus,13,No,No,No,No,Yes,Yes,No,48.0
177,2017,Bus,13,No,Yes,No,No,No,No,No,116.0
178,2017,Bus,13,Yes,No,No,No,No,No,No,87.0
179,2017,Bus,13,Yes,No,Yes,No,No,No,No,177.0
180,2017,Bus,14,No,No,No,No,No,No,No,3448.0
181,2017,Bus,14,No,No,No,No,Yes,Yes,No,191.0
182,2017,Bus,14,No,Yes,No,No,Yes,Yes,No,371.0
183,2017,Bus,15,No,No,No,No,No,No,No,3907.0
184,2017,Bus,15,No,No,No,No,Yes,No,Yes,372.0
185,2017,Bus,16,No,No,No,No,No,No,No,2570.0
186,2017,Bus,16,Yes,No,No,No,No,No,No,101.0
187,2017,Bus,17,No,No,No,No,No,No,No,595.0
188,2017,Bus,18,No,No,No,No,No,No,No,1475.0
189,2017,Bus,18,No,Yes,No,No,No,No,No,77.0
190,2017,Bus,19,No,No,No,No,No,No,No,860.0
191,2017,Bus,19,No,No,No,No,Yes,Yes,No,375.0
192,2017,Bus,20,No,No,No,No,No,No,No,758.0
193,2017,Bus,20,No,No,No,No,Yes,Yes,No,115.0
194,2017,Bus,21,No,No,No,No,No,No,No,364.0
195,2017,Bus,22,No,No,No,No,No,No,No,1325.0
196,2017,Bus,22,No,No,No,No,Yes,Yes,Yes,149.0
197,2017,Bus,23,No,No,No,No,No,No,No,1282.0
198,2017,CommuterRail,1,No,No,No,No,No,No,No,236.0
199,2017,CommuterRail,2,No,No,No,No,No,No,No,493.0
200,2017,CommuterRail,3,No,No,No,No,No,No,No,376.0
201,2017,CommuterRail,4,No,No,No,No,No,No,No,469.0
202,2017,CommuterRail,5,No,No,No,No,No,No,No,4623.0
203,2017,CommuterRail,5,No,Yes,No,No,No,No,No,39.0
204,2017,CommuterRail,6,No,No,No,No,No,No,No,22410.0
205,2017,CommuterRail,6,No,No,No,No,Yes,No,Yes,92.0
206,2017,CommuterRail,6,No,Yes,No,No,No,No,No,462.0
207,2017,CommuterRail,6,Yes,No,Yes,Yes,Yes,Yes,Yes,73.0
208,2017,CommuterRail,6,Yes,Yes,No,No,No,No,No,135.0
209,2017,CommuterRail,7,No,No,No,No,No,No,No,64172.0
210,2017,CommuterRail,7,No,No,No,No,Yes,No,Yes,876.0
211,2017,CommuterRail,7,No,No,No,No,Yes,Yes,No,828.0
212,2017,CommuterRail,7,No,Yes,No,No,No,No,No,450.0
213,2017,CommuterRail,7,No,Yes,No,No,Yes,No,Yes,213.0
214,2017,CommuterRail,7,No,Yes,Yes,No,No,No,No,197.0
215,2017,CommuterRail,7,Yes,No,No,No,Yes,Yes,No,229.0
216,2017,CommuterRail,8,No,No,No,No,No,No,No,120808.0
217,2017,CommuterRail,8,No,No,No,No,Yes,No,Yes,1299.0
218,2017,CommuterRail,8,No,No,No,No,Yes,Yes,No,737.0
219,2017,CommuterRail,8,No,No,Yes,No,No,No,No,230.0
220,2017,CommuterRail,8,No,Yes,No,No,No,No,No,987.0
221,2017,CommuterRail,8,No,Yes,No,No,Yes,No,Yes,74.0
222,2017,CommuterRail,8,No,Yes,No,No,Yes,Yes,No,237.0
223,2017,CommuterRail,8,No,Yes,Yes,No,Yes,Yes,No,130.0
224,2017,CommuterRail,8,Yes,No,No,No,No,No,No,327.0
225,2017,CommuterRail,8,Yes,No,No,No,Yes,Yes,No,112.0
226,2017,CommuterRail,8,Yes,Yes,Yes,Yes,No,No,No,273.0
227,2017,CommuterRail,9,No,No,No,No,No,No,No,64221.0
228,2017,CommuterRail,9,No,No,No,No,Yes,No,Yes,677.0
229,2017,CommuterRail,9,No,No,No,No,Yes,Yes,No,266.0
230,2017,CommuterRail,9,No,No,Yes,No,No,No,No,90.0
231,2017,CommuterRail,9,No,Yes,No,No,No,No,No,489.0
232,2017,CommuterRail,9,No,Yes,No,No,Yes,No,Yes,203.0
233,2017,CommuterRail,9,Yes,Yes,Yes,No,No,No,No,35.0
234,2017,CommuterRail,10,No,No,No,No,No,No,No,13148.0
235,2017,CommuterRail,10,No,No,No,No,Yes,No,Yes,92.0
236,2017,CommuterRail,10,No,No,No,No,Yes,Yes,No,147.0
237,2017,CommuterRail,10,Yes,No,No,No,No,No,No,63.0
238,2017,CommuterRail,11,No,No,No,No,No,No,No,2364.0
239,2017,CommuterRail,11,No,No,No,No,Yes,Yes,No,115.0
240,2017,CommuterRail,11,Yes,Yes,Yes,No,No,No,No,103.0
241,2017,CommuterRail,12,No,No,No,No,No,No,No,1136.0
242,2017,CommuterRail,12,No,No,No,No,Yes,No,Yes,37.0
243,2017,CommuterRail,12,Yes,No,No,No,Yes,No,Yes,34.0
244,2017,CommuterRail,13,No,No,No,No,No,No,No,1075.0
245,2017,CommuterRail,13,Yes,Yes,No,Yes,No,No,No,56.0
246,2017,CommuterRail,14,No,No,No,No,No,No,No,1163.0
247,2017,CommuterRail,14,No,No,No,No,Yes,Yes,No,116.0
248,2017,CommuterRail,15,No,No,No,No,No,No,No,2238.0
249,2017,CommuterRail,16,No,No,No,No,No,No,No,1552.0
250,2017,CommuterRail,16,No,No,Yes,No,No,No,No,100.0
251,2017,CommuterRail,17,No,No,No,No,No,No,No,1356.0
252,2017,CommuterRail,17,No,Yes,No,No,No,No,No,50.0
253,2017,CommuterRail,18,No,No,No,No,No,No,No,1317.0
254,2017,CommuterRail,19,No,No,No,No,No,No,No,1060.0
255,2017,CommuterRail,20,No,No,No,No,No,No,No,758.0
256,2017,CommuterRail,21,No,No,No,No,No,No,No,880.0
257,2017,CommuterRail,21,Yes,No,No,No,No,No,No,83.0
258,2017,CommuterRail,22,No,No,No,No,No,No,No,709.0
259,2017,CommuterRail,23,No,No,No,No,No,No,No,557.0
260,2017,Ferry,5,No,No,No,No,No,No,No,97.0
261,2017,Ferry,6,No,No,No,No,No,No,No,747.0
262,2017,Ferry,7,No,No,No,No,No,No,No,2719.0
263,2017,Ferry,8,No,No,No,No,No,No,No,8235.0
264,2017,Ferry,9,No,No,No,No,No,No,No,5194.0
265,2017,Ferry,9,No,Yes,Yes,Yes,No,No,No,166.0
266,2017,Ferry,10,No,No,No,No,No,No,No,436.0
267,2017,Ferry,11,No,No,No,No,No,No,No,57.0
268,2017,Ferry,15,No,No,No,No,No,No,No,135.0
269,2017,Ferry,16,No,No,No,No,No,No,No,228.0
270,2017,Ferry,17,No,No,No,No,No,No,No,38.0
271,2017,Ferry,18,No,No,No,No,No,No,No,145.0
272,2017,Ferry,22,No,No,No,No,No,No,No,76.0
273,2017,Other,0,No,No,No,No,No,No,No,188.0
274,2017,Other,1,No,No,No,No,No,No,No,250.0
275,2017,Other,2,Yes,Yes,Yes,Yes,Yes,Yes,Yes,61.0
276,2017,Other,5,No,No,No,No,No,No,No,114.0
277,2017,Other,6,No,No,No,No,No,No,No,506.0
278,2017,Other,6,No,Yes,No,No,No,No,No,72.0
279,2017,Other,7,No,No,No,No,No,No,No,1132.0
280,2017,Other,7,No,No,No,No,Yes,Yes,No,228.0
281,2017,Other,7,No,Yes,No,No,No,No,No,309.0
282,2017,Other,8,No,No,No,No,No,No,No,3722.0
283,2017,Other,8,No,No,No,No,Yes,Yes,Yes,15.0
284,2017,Other,8,No,No,Yes,No,No,No,No,159.0
285,2017,Other,9,No,No,No,No,No,No,No,1770.0
286,2017,Other,10,No,No,No,No,No,No,No,562.0
287,2017,Other,11,No,No,No,No,No,No,No,108.0
288,2017,Other,13,No,No,No,No,No,No,No,116.0
289,2017,Other,14,No,No,No,No,No,No,No,156.0
290,2017,Other,15,No,No,No,No,No,No,No,90.0
291,2017,Other,16,No,No,No,No,No,No,No,104.0
292,2017,Other,17,No,No,No,No,No,No,No,297.0
293,2017,Other,17,No,Yes,No,No,No,No,No,157.0
294,2017,Other,21,No,No,No,No,No,No,No,163.0
295,2017,Other,22,No,No,No,No,No,No,No,82.0
296,2017,Subway,0,No,No,No,No,No,No,No,2526.0
297,2017,Subway,0,No,No,No,No,Yes,Yes,No,649.0
298,2017,Subway,0,No,Yes,No,No,No,No,No,161.0
299,2017,Subway,1,No,No,No,No,No,No,No,1466.0
300,2017,Subway,1,No,No,No,No,Yes,Yes,No,158.0
301,2017,Subway,2,No,No,No,No,No,No,No,2701.0
302,2017,Subway,2,No,No,No,No,Yes,No,Yes,76.0
303,2017,Subway,2,No,Yes,No,No,No,No,No,169.0
304,2017,Subway,3,No,No,No,No,No,No,No,1705.0
305,2017,Subway,3,No,Yes,No,No,No,No,No,67.0
306,2017,Subway,3,No,Yes,Yes,No,No,No,No,58.0
307,2017,Subway,3,Yes,No,No,No,No,No,No,65.0
308,2017,Subway,4,No,No,No,No,No,No,No,6809.0
309,2017,Subway,4,No,No,No,No,Yes,No,Yes,103.0
310,2017,Subway,5,No,No,No,No,No,No,No,21692.0
311,2017,Subway,5,No,No,No,No,Yes,No,Yes,92.0
312,2017,Subway,5,No,No,No,No,Yes,Yes,No,127.0
313,2017,Subway,5,No,Yes,No,No,No,No,No,256.0
314,2017,Subway,5,Yes,No,No,No,No,No,No,182.0
315,2017,Subway,5,Yes,No,No,No,Yes,Yes,Yes,104.0
316,2017,Subway,5,Yes,Yes,No,No,No,No,No,115.0
317,2017,Subway,5,Yes,Yes,Yes,Yes,Yes,Yes,No,82.0
318,2017,Subway,6,No,No,No,No,No,No,No,71551.0
319,2017,Subway,6,No,No,No,No,Yes,No,Yes,849.0
320,2017,Subway,6,No,No,No,No,Yes,Yes,No,1160.0
321,2017,Subway,6,No,Yes,No,No,No,No,No,1500.0
322,2017,Subway,6,No,Yes,No,No,Yes,Yes,No,131.0
323,2017,Subway,6,No,Yes,Yes,No,No,No,No,37.0
324,2017,Subway,6,Yes,No,No,No,No,No,No,1127.0
325,2017,Subway,6,Yes,Yes,Yes,No,No,No,No,175.0
326,2017,Subway,7,No,No,No,No,No,No,No,199391.0
327,2017,Subway,7,No,No,No,No,Yes,No,Yes,447.0
328,2017,Subway,7,No,No,No,No,Yes,Yes,No,1926.0
329,2017,Subway,7,No,No,No,No,Yes,Yes,Yes,61.0
330,2017,Subway,7,No,No,No,Yes,No,No,No,87.0
331,2017,Subway,7,No,Yes,No,No,No,No,No,1495.0
332,2017,Subway,7,No,Yes,No,No,Yes,Yes,No,63.0
333,2017,Subway,7,No,Yes,Yes,No,No,No,No,61.0
334,2017,Subway,7,No,Yes,Yes,Yes,No,No,No,52.0
335,2017,Subway,7,Yes,No,No,No,No,No,No,500.0
336,2017,Subway,7,Yes,No,No,No,Yes,No,Yes,225.0
337,2017,Subway,7,Yes,No,No,No,Yes,Yes,No,189.0
338,2017,Subway,7,Yes,No,Yes,No,No,No,No,194.0
339,2017,Subway,7,Yes,Yes,No,No,No,No,No,46.0
340,2017,Subway,7,Yes,Yes,Yes,No,Yes,Yes,Yes,67.0
341,2017,Subway,7,Yes,Yes,Yes,Yes,No,No,No,58.0
342,2017,Subway,8,No,No,No,No,No,No,No,424384.0
343,2017,Subway,8,No,No,No,No,Yes,No,Yes,1209.0
344,2017,Subway,8,No,No,No,No,Yes,Yes,No,2100.0
345,2017,Subway,8,No,No,No,Yes,No,No,No,115.0
346,2017,Subway,8,No,No,Yes,No,No,No,No,99.0
347,2017,Subway,8,No,Yes,No,No,No,No,No,2736.0
348,2017,Subway,8,No,Yes,No,No,Yes,No,Yes,62.0
349,2017,Subway,8,No,Yes,No,No,Yes,Yes,No,220.0
350,2017,Subway,8,No,Yes,No,Yes,No,No,No,663.0
351,2017,Subway,8,No,Yes,No,Yes,Yes,Yes,No,268.0
352,2017,Subway,8,No,Yes,Yes,No,No,No,No,343.0
353,2017,Subway,8,Yes,No,No,No,No,No,No,1913.0
354,2017,Subway,8,Yes,No,No,Yes,Yes,Yes,No,249.0
355,2017,Subway,8,Yes,No,Yes,No,No,No,No,115.0
356,2017,Subway,8,Yes,No,Yes,No,Yes,Yes,No,81.0
357,2017,Subway,8,Yes,No,Yes,Yes,No,No,No,66.0
358,2017,Subway,8,Yes,Yes,No,No,No,No,No,213.0
359,2017,Subway,8,Yes,Yes,Yes,No,No,No,No,153.0
360,2017,Subway,8,Yes,Yes,Yes,Yes,Yes,Yes,No,354.0
361,2017,Subway,8,Yes,Yes,Yes,Yes,Yes,Yes,Yes,176.0
362,2017,Subway,9,No,No,No,No,No,No,No,331919.0
363,2017,Subway,9,No,No,No,No,Yes,No,Yes,623.0
364,2017,Subway,9,No,No,No,No,Yes,Yes,No,1556.0
365,2017,Subway,9,No,No,No,No,Yes,Yes,Yes,158.0
366,2017,Subway,9,No,No,No,Yes,No,No,No,204.0
367,2017,Subway,9,No,No,Yes,No,No,No,No,225.0
368,2017,Subway,9,No,Yes,No,No,No,No,No,2108.0
369,2017,Subway,9,No,Yes,No,Yes,No,No,No,144.0
370,2017,Subway,9,No,Yes,Yes,No,No,No,No,77.0
371,2017,Subway,9,Yes,No,No,No,No,No,No,2139.0
372,2017,Subway,9,Yes,No,No,No,Yes,No,Yes,108.0
373,2017,Subway,9,Yes,No,No,No,Yes,Yes,No,39.0
374,2017,Subway,9,Yes,No,Yes,Yes,Yes,Yes,No,59.0
375,2017,Subway,9,Yes,Yes,No,No,Yes,Yes,No,42.0
376,2017,Subway,9,Yes,Yes,Yes,Yes,Yes,No,Yes,56.0
377,2017,Subway,10,No,No,No,No,No,No,No,92273.0
378,2017,Subway,10,No,No,No,No,Yes,No,Yes,478.0
379,2017,Subway,10,No,No,No,No,Yes,Yes,No,1405.0
380,2017,Subway,10,No,No,Yes,No,Yes,Yes,No,97.0
381,2017,Subway,10,No,Yes,No,No,No,No,No,835.0
382,2017,Subway,10,No,Yes,No,No,Yes,Yes,No,105.0
383,2017,Subway,10,No,Yes,Yes,No,No,No,No,111.0
384,2017,Subway,10,Yes,No,No,No,No,No,No,678.0
385,2017,Subway,10,Yes,No,Yes,No,No,No,No,59.0
386,2017,Subway,10,Yes,Yes,No,No,Yes,Yes,No,61.0
387,2017,Subway,10,Yes,Yes,Yes,Yes,No,No,No,93.0
388,2017,Subway,10,Yes,Yes,Yes,Yes,Yes,Yes,No,125.0
389,2017,Subway,11,No,No,No,No,No,No,No,26568.0
390,2017,Subway,11,No,No,No,No,Yes,No,Yes,192.0
391,2017,Subway,11,No,No,No,No,Yes,Yes,No,60.0
392,2017,Subway,11,No,Yes,No,No,No,No,No,326.0
393,2017,Subway,11,No,Yes,No,Yes,No,No,No,65.0
394,2017,Subway,11,No,Yes,Yes,No,No,No,No,348.0
395,2017,Subway,11,Yes,No,No,No,No,No,No,587.0
396,2017,Subway,11,Yes,No,Yes,No,Yes,No,Yes,143.0
397,2017,Subway,12,No,No,No,No,No,No,No,18057.0
398,2017,Subway,12,No,No,No,No,Yes,No,Yes,228.0
399,2017,Subway,12,No,No,No,No,Yes,Yes,No,215.0
400,2017,Subway,12,No,Yes,No,No,No,No,No,91.0
401,2017,Subway,12,Yes,No,No,No,No,No,No,110.0
402,2017,Subway,13,No,No,No,No,No,No,No,11727.0
403,2017,Subway,13,No,No,No,No,Yes,No,Yes,82.0
404,2017,Subway,13,No,No,No,No,Yes,Yes,No,330.0
405,2017,Subway,13,No,Yes,No,No,No,No,No,48.0
406,2017,Subway,13,Yes,No,No,No,No,No,No,565.0
407,2017,Subway,14,No,No,No,No,No,No,No,25331.0
408,2017,Subway,14,No,Yes,No,No,No,No,No,300.0
409,2017,Subway,14,Yes,No,Yes,No,No,No,No,144.0
410,2017,Subway,15,No,No,No,No,No,No,No,26948.0
411,2017,Subway,15,No,No,No,No,Yes,No,Yes,147.0
412,2017,Subway,15,No,No,No,No,Yes,Yes,No,114.0
413,2017,Subway,15,No,Yes,No,No,No,No,No,339.0
414,2017,Subway,15,Yes,No,No,No,No,No,No,494.0
415,2017,Subway,15,Yes,No,No,No,Yes,Yes,Yes,71.0
416,2017,Subway,15,Yes,No,Yes,Yes,No,No,No,56.0
417,2017,Subway,16,No,No,No,No,No,No,No,19386.0
418,2017,Subway,16,No,Yes,No,No,No,No,No,338.0
419,2017,Subway,16,Yes,No,No,No,No,No,No,263.0
420,2017,Subway,17,No,No,No,No,No,No,No,12971.0
421,2017,Subway,17,No,Yes,No,No,No,No,No,165.0
422,2017,Subway,17,Yes,No,No,No,No,No,No,219.0
423,2017,Subway,18,No,No,No,No,No,No,No,10773.0
424,2017,Subway,18,No,No,No,No,Yes,No,Yes,168.0
425,2017,Subway,18,No,No,No,No,Yes,Yes,No,677.0
426,2017,Subway,18,No,No,No,No,Yes,Yes,Yes,55.0
427,2017,Subway,18,No,No,No,Yes,No,No,No,262.0
428,2017,Subway,18,No,Yes,No,No,No,No,No,60.0
429,2017,Subway,18,Yes,Yes,Yes,Yes,No,No,No,81.0
430,2017,Subway,19,No,No,No,No,No,No,No,8923.0
431,2017,Subway,19,No,No,No,No,Yes,No,Yes,75.0
432,2017,Subway,19,No,Yes,No,No,No,No,No,75.0
433,2017,Subway,19,No,Yes,Yes,No,No,No,No,57.0
434,2017,Subway,20,No,No,No,No,No,No,No,4319.0
435,2017,Subway,20,No,Yes,No,No,No,No,No,102.0
436,2017,Subway,21,No,No,No,No,No,No,No,5184.0
437,2017,Subway,21,No,No,No,No,Yes,Yes,No,156.0
438,2017,Subway,21,No,Yes,No,No,No,No,No,129.0
439,2017,Subway,21,No,Yes,No,Yes,No,No,No,98.0
440,2017,Subway,21,Yes,No,No,No,No,No,No,130.0
441,2017,Subway,22,No,No,No,No,No,No,No,3586.0
442,2017,Subway,22,Yes,No,Yes,No,No,No,No,62.0
443,2017,Subway,23,No,No,No,No,No,No,No,7080.0
444,2017,WFH,0,No,No,No,No,No,No,No,61052.0
445,2017,WFH,0,No,No,No,No,Yes,No,Yes,699.0
446,2017,WFH,0,No,No,No,No,Yes,Yes,No,139.0
447,2017,WFH,0,No,No,No,No,Yes,Yes,Yes,174.0
448,2017,WFH,0,No,No,Yes,No,No,No,No,76.0
449,2017,WFH,0,No,Yes,No,No,No,No,No,834.0
450,2017,WFH,0,No,Yes,Yes,Yes,No,No,No,181.0
451,2017,WFH,0,Yes,No,No,No,No,No,No,833.0
452,2017,WFH,0,Yes,Yes,No,Yes,No,No,No,126.0
453,2017,WFH,0,Yes,Yes,Yes,Yes,Yes,Yes,No,273.0
454,2017,Walk,0,No,No,No,No,Yes,Yes,No,295.0
455,2017,Walk,2,No,No,No,No,No,No,No,103.0
456,2017,Walk,4,No,No,No,No,No,No,No,659.0
457,2017,Walk,5,No,No,No,No,No,No,No,2965.0
458,2017,Walk,6,No,No,No,No,No,No,No,6997.0
459,2017,Walk,6,No,No,No,No,Yes,No,Yes,98.0
460,2017,Walk,6,No,Yes,No,No,No,No,No,208.0
461,2017,Walk,7,No,No,No,No,No,No,No,21584.0
462,2017,Walk,7,No,No,No,No,Yes,No,Yes,251.0
463,2017,Walk,7,No,Yes,No,No,No,No,No,89.0
464,2017,Walk,7,Yes,No,No,No,No,No,No,369.0
465,2017,Walk,7,Yes,No,No,Yes,Yes,Yes,No,203.0
466,2017,Walk,8,No,No,No,No,No,No,No,60564.0
467,2017,Walk,8,No,No,No,No,Yes,No,Yes,329.0
468,2017,Walk,8,No,No,No,No,Yes,Yes,No,590.0
469,2017,Walk,8,No,Yes,No,No,No,No,No,695.0
470,2017,Walk,8,Yes,Yes,Yes,Yes,Yes,Yes,Yes,112.0
471,2017,Walk,9,No,No,No,No,No,No,No,41508.0
472,2017,Walk,9,No,No,No,No,Yes,No,Yes,34.0
473,2017,Walk,9,No,No,No,No,Yes,Yes,No,187.0
474,2017,Walk,9,No,Yes,No,No,No,No,No,184.0
475,2017,Walk,9,No,Yes,No,No,Yes,Yes,No,81.0
476,2017,Walk,9,Yes,No,No,No,No,No,No,278.0
477,2017,Walk,9,Yes,No,Yes,No,No,No,No,73.0
478,2017,Walk,10,No,No,No,No,No,No,No,16668.0
479,2017,Walk,10,No,No,No,No,Yes,No,Yes,122.0
480,2017,Walk,10,No,No,No,No,Yes,Yes,No,124.0
481,2017,Walk,10,No,Yes,No,No,No,No,No,36.0
482,2017,Walk,10,No,Yes,No,No,Yes,No,Yes,75.0
483,2017,Walk,10,Yes,Yes,No,No,No,No,No,206.0
484,2017,Walk,11,No,No,No,No,No,No,No,3804.0
485,2017,Walk,12,No,No,No,No,No,No,No,2041.0
486,2017,Walk,12,No,Yes,Yes,Yes,Yes,Yes,No,55.0
487,2017,Walk,12,Yes,No,No,No,No,No,No,53.0
488,2017,Walk,13,No,No,No,No,No,No,No,1353.0
489,2017,Walk,14,No,No,No,No,No,No,No,3544.0
490,2017,Walk,15,No,No,No,No,No,No,No,3018.0
491,2017,Walk,16,No,No,No,No,No,No,No,2020.0
492,2017,Walk,17,No,No,No,No,No,No,No,1099.0
493,2017,Walk,18,No,No,No,No,No,No,No,401.0
494,2017,Walk,19,No,No,No,No,No,No,No,804.0
495,2017,Walk,20,No,No,No,No,No,No,No,241.0
496,2017,Walk,20,Yes,No,No,No,No,No,No,491.0
497,2017,Walk,21,No,No,No,No,No,No,No,291.0
498,2017,Walk,22,No,No,No,No,No,No,No,930.0
499,2017,Walk,23,No,No,No,No,No,No,No,1236.0
500,2018,AutoOccupants,0,No,No,No,No,No,No,No,523.0
501,2018,AutoOccupants,1,No,No,No,No,No,No,No,1202.0
502,2018,AutoOccupants,2,No,No,No,No,No,No,No,1027.0
503,2018,AutoOccupants,2,No,Yes,No,Yes,No,No,No,99.0
504,2018,AutoOccupants,3,No,No,No,No,No,No,No,1586.0
505,2018,AutoOccupants,4,No,No,No,No,No,No,No,5395.0
506,2018,AutoOccupants,5,No,No,No,No,No,No,No,15593.0
507,2018,AutoOccupants,5,No,No,No,No,Yes,No,Yes,363.0
508,2018,AutoOccupants,5,No,No,No,No,Yes,Yes,No,59.0
509,2018,AutoOccupants,5,No,No,Yes,No,No,No,No,49.0
510,2018,AutoOccupants,5,Yes,No,No,No,No,No,No,370.0
511,2018,AutoOccupants,5,Yes,Yes,No,No,Yes,No,Yes,125.0
512,2018,AutoOccupants,6,No,No,No,No,No,No,No,46033.0
513,2018,AutoOccupants,6,No,No,No,No,Yes,No,Yes,700.0
514,2018,AutoOccupants,6,No,No,No,No,Yes,Yes,No,498.0
515,2018,AutoOccupants,6,No,No,No,No,Yes,Yes,Yes,54.0
516,2018,AutoOccupants,6,No,No,Yes,No,Yes,Yes,No,56.0
517,2018,AutoOccupants,6,No,Yes,No,No,No,No,No,417.0
518,2018,AutoOccupants,6,No,Yes,No,No,Yes,Yes,No,297.0
519,2018,AutoOccupants,6,Yes,No,No,No,No,No,No,400.0
520,2018,AutoOccupants,7,No,No,No,No,No,No,No,70530.0
521,2018,AutoOccupants,7,No,No,No,No,Yes,No,Yes,240.0
522,2018,AutoOccupants,7,No,No,No,No,Yes,Yes,No,255.0
523,2018,AutoOccupants,7,No,Yes,No,No,No,No,No,747.0
524,2018,AutoOccupants,7,No,Yes,Yes,No,Yes,No,Yes,64.0
525,2018,AutoOccupants,7,Yes,No,No,No,No,No,No,666.0
526,2018,AutoOccupants,7,Yes,Yes,Yes,Yes,Yes,No,Yes,51.0
527,2018,AutoOccupants,8,No,No,No,No,No,No,No,73800.0
528,2018,AutoOccupants,8,No,No,No,No,Yes,No,Yes,291.0
529,2018,AutoOccupants,8,No,No,No,No,Yes,Yes,No,342.0
530,2018,AutoOccupants,8,No,No,No,Yes,No,No,No,162.0
531,2018,AutoOccupants,8,No,No,Yes,No,No,No,No,109.0
532,2018,AutoOccupants,8,No,Yes,No,No,No,No,No,833.0
533,2018,AutoOccupants,8,No,Yes,No,No,Yes,No,Yes,28.0
534,2018,AutoOccupants,8,No,Yes,No,Yes,No,No,No,111.0
535,2018,AutoOccupants,8,No,Yes,Yes,Yes,No,No,No,176.0
536,2018,AutoOccupants,8,Yes,No,No,No,No,No,No,185.0
537,2018,AutoOccupants,9,No,No,No,No,No,No,No,47239.0
538,2018,AutoOccupants,9,No,No,No,No,Yes,No,Yes,151.0
539,2018,AutoOccupants,9,No,No,No,No,Yes,Yes,No,40.0
540,2018,AutoOccupants,9,No,No,No,No,Yes,Yes,Yes,130.0
541,2018,AutoOccupants,9,No,No,Yes,No,No,No,No,67.0
542,2018,AutoOccupants,9,No,Yes,No,No,No,No,No,243.0
543,2018,AutoOccupants,9,No,Yes,No,No,Yes,Yes,No,39.0
544,2018,AutoOccupants,9,No,Yes,Yes,No,No,No,No,107.0
545,2018,AutoOccupants,9,No,Yes,Yes,No,Yes,No,Yes,146.0
546,2018,AutoOccupants,9,Yes,No,No,No,No,No,No,223.0
547,2018,AutoOccupants,9,Yes,No,No,No,Yes,No,Yes,60.0
548,2018,AutoOccupants,9,Yes,No,No,No,Yes,Yes,No,226.0
549,2018,AutoOccupants,10,No,No,No,No,No,No,No,21447.0
550,2018,AutoOccupants,10,No,No,No,No,Yes,No,Yes,218.0
551,2018,AutoOccupants,10,No,No,No,Yes,Yes,Yes,No,60.0
552,2018,AutoOccupants,10,No,Yes,No,No,No,No,No,85.0
553,2018,AutoOccupants,10,No,Yes,Yes,No,No,No,No,156.0
554,2018,AutoOccupants,10,Yes,No,No,No,No,No,No,127.0
555,2018,AutoOccupants,10,Yes,Yes,Yes,Yes,Yes,Yes,Yes,33.0
556,2018,AutoOccupants,11,No,No,No,No,No,No,No,7303.0
557,2018,AutoOccupants,11,No,No,No,No,Yes,No,Yes,68.0
558,2018,AutoOccupants,11,No,No,No,No,Yes,Yes,No,41.0
559,2018,AutoOccupants,11,No,No,Yes,No,No,No,No,56.0
560,2018,AutoOccupants,12,No,No,No,No,No,No,No,3356.0
561,2018,AutoOccupants,12,No,No,No,No,Yes,Yes,Yes,63.0
562,2018,AutoOccupants,13,No,No,No,No,No,No,No,3431.0
563,2018,AutoOccupants,13,No,Yes,No,No,No,No,No,113.0
564,2018,AutoOccupants,14,No,No,No,No,No,No,No,6482.0
565,2018,AutoOccupants,14,No,No,No,No,Yes,No,Yes,300.0
566,2018,AutoOccupants,14,No,Yes,Yes,No,Yes,No,Yes,76.0
567,2018,AutoOccupants,15,No,No,No,No,No,No,No,3424.0
568,2018,AutoOccupants,16,No,No,No,No,No,No,No,3276.0
569,2018,AutoOccupants,16,No,No,No,No,Yes,No,Yes,59.0
570,2018,AutoOccupants,16,No,Yes,No,No,No,No,No,90.0
571,2018,AutoOccupants,16,Yes,No,Yes,No,No,No,No,70.0
572,2018,AutoOccupants,17,No,No,No,No,No,No,No,3841.0
573,2018,AutoOccupants,17,No,Yes,No,No,No,No,No,198.0
574,2018,AutoOccupants,17,Yes,No,No,No,No,No,No,212.0
575,2018,AutoOccupants,18,No,No,No,No,No,No,No,5230.0
576,2018,AutoOccupants,19,No,No,No,No,No,No,No,4377.0
577,2018,AutoOccupants,19,No,No,Yes,No,No,No,No,81.0
578,2018,AutoOccupants,19,No,Yes,No,No,No,No,No,59.0
579,2018,AutoOccupants,19,Yes,No,No,No,No,No,No,206.0
580,2018,AutoOccupants,20,No,No,No,No,No,No,No,2786.0
581,2018,AutoOccupants,20,Yes,No,No,No,No,No,No,151.0
582,2018,AutoOccupants,21,No,No,No,No,No,No,No,1827.0
583,2018,AutoOccupants,22,No,No,No,No,No,No,No,3490.0
584,2018,AutoOccupants,22,No,No,Yes,No,No,No,No,49.0
585,2018,AutoOccupants,22,No,Yes,No,No,No,No,No,74.0
586,2018,AutoOccupants,23,No,No,No,No,No,No,No,3125.0
587,2018,AutoOccupants,23,No,Yes,No,No,No,No,No,147.0
588,2018,Bicycle,0,No,No,No,No,No,No,No,669.0
589,2018,Bicycle,5,No,No,No,No,No,No,No,283.0
590,2018,Bicycle,6,No,No,No,No,No,No,No,1718.0
591,2018,Bicycle,7,No,No,No,No,No,No,No,2298.0
592,2018,Bicycle,8,No,No,No,No,No,No,No,9496.0
593,2018,Bicycle,9,No,No,No,No,No,No,No,8033.0
594,2018,Bicycle,9,No,Yes,No,No,No,No,No,62.0
595,2018,Bicycle,9,Yes,No,No,No,No,No,No,52.0
596,2018,Bicycle,10,No,No,No,No,No,No,No,1947.0
597,2018,Bicycle,11,No,No,No,No,No,No,No,967.0
598,2018,Bicycle,12,No,No,No,No,No,No,No,412.0
599,2018,Bicycle,13,No,No,No,No,No,No,No,356.0
600,2018,Bicycle,14,No,No,No,No,No,No,No,414.0
601,2018,Bicycle,15,No,No,No,No,No,No,No,407.0
602,2018,Bicycle,16,No,No,No,No,No,No,No,227.0
603,2018,Bicycle,17,No,No,No,No,No,No,No,248.0
604,2018,Bicycle,18,No,No,No,No,No,No,No,234.0
605,2018,Bicycle,19,No,No,No,No,No,No,No,125.0
606,2018,Bicycle,21,No,No,No,No,No,No,No,80.0
607,2018,Bus,0,No,No,No,No,No,No,No,109.0
608,2018,Bus,1,No,No,No,No,No,No,No,141.0
609,2018,Bus,2,No,No,No,No,No,No,No,581.0
610,2018,Bus,3,No,No,No,No,No,No,No,689.0
611,2018,Bus,3,No,No,No,No,Yes,No,Yes,86.0
612,2018,Bus,4,No,No,No,No,No,No,No,1501.0
613,2018,Bus,5,No,No,No,No,No,No,No,5902.0
614,2018,Bus,5,No,No,No,No,Yes,No,Yes,98.0
615,2018,Bus,5,No,No,No,No,Yes,Yes,No,270.0
616,2018,Bus,5,No,Yes,Yes,No,No,No,No,129.0
617,2018,Bus,6,No,No,No,No,No,No,No,25178.0
618,2018,Bus,6,No,No,Yes,No,Yes,Yes,Yes,190.0
619,2018,Bus,6,No,Yes,No,No,No,No,No,487.0
620,2018,Bus,6,No,Yes,No,No,Yes,Yes,No,160.0
621,2018,Bus,6,Yes,No,No,No,No,No,No,272.0
622,2018,Bus,6,Yes,No,No,No,Yes,No,Yes,83.0
623,2018,Bus,6,Yes,Yes,Yes,Yes,Yes,No,Yes,74.0
624,2018,Bus,7,No,No,No,No,No,No,No,52037.0
625,2018,Bus,7,No,No,No,No,Yes,No,Yes,699.0
626,2018,Bus,7,No,No,No,No,Yes,Yes,No,1046.0
627,2018,Bus,7,No,No,No,No,Yes,Yes,Yes,142.0
628,2018,Bus,7,No,No,No,Yes,No,No,No,121.0
629,2018,Bus,7,No,No,Yes,No,No,No,No,90.0
630,2018,Bus,7,No,Yes,No,No,No,No,No,495.0
631,2018,Bus,7,No,Yes,No,Yes,No,No,No,75.0
632,2018,Bus,7,No,Yes,Yes,No,No,No,No,93.0
633,2018,Bus,7,Yes,No,No,No,No,No,No,225.0
634,2018,Bus,7,Yes,Yes,No,No,No,No,No,32.0
635,2018,Bus,8,No,No,No,No,No,No,No,80444.0
636,2018,Bus,8,No,No,No,No,Yes,No,Yes,644.0
637,2018,Bus,8,No,No,No,No,Yes,Yes,No,841.0
638,2018,Bus,8,No,No,No,Yes,No,No,No,71.0
639,2018,Bus,8,No,No,Yes,No,No,No,No,207.0
640,2018,Bus,8,No,No,Yes,No,Yes,Yes,No,100.0
641,2018,Bus,8,No,Yes,No,No,No,No,No,806.0
642,2018,Bus,8,No,Yes,No,Yes,No,No,No,257.0
643,2018,Bus,8,No,Yes,Yes,No,No,No,No,97.0
644,2018,Bus,8,Yes,No,No,No,No,No,No,134.0
645,2018,Bus,8,Yes,No,Yes,No,No,No,No,93.0
646,2018,Bus,8,Yes,Yes,Yes,No,No,No,No,172.0
647,2018,Bus,8,Yes,Yes,Yes,Yes,No,No,No,187.0
648,2018,Bus,9,No,No,No,No,No,No,No,53174.0
649,2018,Bus,9,No,No,No,No,Yes,No,Yes,205.0
650,2018,Bus,9,No,No,No,No,Yes,Yes,No,134.0
651,2018,Bus,9,No,Yes,No,No,No,No,No,921.0
652,2018,Bus,9,Yes,No,No,No,No,No,No,136.0
653,2018,Bus,9,Yes,No,No,No,Yes,Yes,No,121.0
654,2018,Bus,9,Yes,Yes,Yes,No,No,No,No,95.0
655,2018,Bus,9,Yes,Yes,Yes,Yes,No,No,No,259.0
656,2018,Bus,10,No,No,No,No,No,No,No,15220.0
657,2018,Bus,10,No,No,No,No,Yes,No,Yes,93.0
658,2018,Bus,10,No,No,No,No,Yes,Yes,No,48.0
659,2018,Bus,11,No,No,No,No,No,No,No,5700.0
660,2018,Bus,11,No,No,No,No,Yes,No,Yes,111.0
661,2018,Bus,11,No,Yes,No,No,No,No,No,68.0
662,2018,Bus,12,No,No,No,No,No,No,No,3444.0
663,2018,Bus,13,No,No,No,No,No,No,No,1746.0
664,2018,Bus,14,No,No,No,No,No,No,No,1550.0
665,2018,Bus,14,No,No,No,No,Yes,Yes,No,383.0
666,2018,Bus,14,No,Yes,No,No,No,No,No,161.0
667,2018,Bus,15,No,No,No,No,No,No,No,4029.0
668,2018,Bus,15,No,No,No,No,Yes,Yes,No,129.0
669,2018,Bus,15,No,Yes,No,No,No,No,No,63.0
670,2018,Bus,15,No,Yes,No,Yes,No,No,No,142.0
671,2018,Bus,15,Yes,No,Yes,No,No,No,No,65.0
672,2018,Bus,16,No,No,No,No,No,No,No,4073.0
673,2018,Bus,17,No,No,No,No,No,No,No,1164.0
674,2018,Bus,17,No,No,No,No,Yes,No,Yes,62.0
675,2018,Bus,17,No,No,No,No,Yes,Yes,No,191.0
676,2018,Bus,17,No,Yes,No,No,No,No,No,124.0
677,2018,Bus,17,Yes,No,No,No,No,No,No,90.0
678,2018,Bus,18,No,No,No,No,No,No,No,1947.0
679,2018,Bus,18,No,No,No,No,Yes,No,Yes,123.0
680,2018,Bus,18,Yes,No,No,No,No,No,No,129.0
681,2018,Bus,19,No,No,No,No,No,No,No,969.0
682,2018,Bus,20,No,No,No,No,No,No,No,1187.0
683,2018,Bus,20,No,No,No,No,Yes,Yes,No,207.0
684,2018,Bus,21,No,No,No,No,No,No,No,1020.0
685,2018,Bus,22,No,No,No,No,No,No,No,890.0
686,2018,Bus,23,No,No,No,No,No,No,No,901.0
687,2018,CommuterRail,0,No,No,No,No,No,No,No,234.0
688,2018,CommuterRail,1,No,No,No,No,No,No,No,677.0
689,2018,CommuterRail,2,No,No,No,No,No,No,No,374.0
690,2018,CommuterRail,3,No,No,No,No,No,No,No,160.0
691,2018,CommuterRail,4,No,No,No,No,No,No,No,263.0
692,2018,CommuterRail,4,No,Yes,No,Yes,No,No,No,75.0
693,2018,CommuterRail,5,No,No,No,No,No,No,No,4163.0
694,2018,CommuterRail,5,No,No,No,No,Yes,No,Yes,99.0
695,2018,CommuterRail,5,No,No,No,No,Yes,Yes,No,96.0
696,2018,CommuterRail,5,No,Yes,No,No,No,No,No,85.0
697,2018,CommuterRail,6,No,No,No,No,No,No,No,20189.0
698,2018,CommuterRail,6,No,No,No,No,Yes,No,Yes,86.0
699,2018,CommuterRail,6,No,No,No,No,Yes,Yes,No,130.0
700,2018,CommuterRail,6,No,No,Yes,No,No,No,No,55.0
701,2018,CommuterRail,6,Yes,No,No,No,No,No,No,100.0
702,2018,CommuterRail,6,Yes,No,No,No,Yes,Yes,Yes,77.0
703,2018,CommuterRail,6,Yes,Yes,No,No,No,No,No,46.0
704,2018,CommuterRail,7,No,No,No,No,No,No,No,61784.0
705,2018,CommuterRail,7,No,No,No,No,Yes,No,Yes,1001.0
706,2018,CommuterRail,7,No,No,No,No,Yes,Yes,No,61.0
707,2018,CommuterRail,7,No,No,Yes,No,Yes,Yes,No,68.0
708,2018,CommuterRail,7,No,Yes,No,No,No,No,No,587.0
709,2018,CommuterRail,7,Yes,No,No,No,No,No,No,293.0
710,2018,CommuterRail,7,Yes,Yes,Yes,Yes,No,No,No,86.0
711,2018,CommuterRail,8,No,No,No,No,No,No,No,132427.0
712,2018,CommuterRail,8,No,No,No,No,Yes,No,Yes,1187.0
713,2018,CommuterRail,8,No,No,No,No,Yes,Yes,No,259.0
714,2018,CommuterRail,8,No,Yes,No,No,No,No,No,354.0
715,2018,CommuterRail,8,No,Yes,Yes,No,No,No,No,113.0
716,2018,CommuterRail,8,Yes,No,No,No,No,No,No,328.0
717,2018,CommuterRail,8,Yes,No,No,Yes,No,No,No,83.0
718,2018,CommuterRail,8,Yes,No,Yes,No,No,No,No,84.0
719,2018,CommuterRail,8,Yes,Yes,Yes,Yes,No,No,No,106.0
720,2018,CommuterRail,8,Yes,Yes,Yes,Yes,Yes,Yes,Yes,282.0
721,2018,CommuterRail,9,No,No,No,No,No,No,No,69537.0
722,2018,CommuterRail,9,No,No,No,No,Yes,No,Yes,440.0
723,2018,CommuterRail,9,No,No,No,No,Yes,Yes,No,316.0
724,2018,CommuterRail,9,No,Yes,No,No,No,No,No,291.0
725,2018,CommuterRail,9,No,Yes,Yes,No,No,No,No,109.0
726,2018,CommuterRail,9,Yes,Yes,Yes,Yes,Yes,Yes,Yes,441.0
727,2018,CommuterRail,10,No,No,No,No,No,No,No,15368.0
728,2018,CommuterRail,10,No,No,No,No,Yes,No,Yes,205.0
729,2018,CommuterRail,10,No,No,No,No,Yes,Yes,No,275.0
730,2018,CommuterRail,10,No,Yes,No,No,No,No,No,63.0
731,2018,CommuterRail,11,No,No,No,No,No,No,No,3761.0
732,2018,CommuterRail,12,No,No,No,No,No,No,No,1857.0
733,2018,CommuterRail,13,No,No,No,No,No,No,No,824.0
734,2018,CommuterRail,14,No,No,No,No,No,No,No,1851.0
735,2018,CommuterRail,15,No,No,No,No,No,No,No,716.0
736,2018,CommuterRail,16,No,No,No,No,No,No,No,1737.0
737,2018,CommuterRail,16,No,Yes,No,No,No,No,No,104.0
738,2018,CommuterRail,17,No,No,No,No,No,No,No,1027.0
739,2018,CommuterRail,18,No,No,No,No,No,No,No,1095.0
740,2018,CommuterRail,19,No,No,No,No,No,No,No,766.0
741,2018,CommuterRail,20,No,No,No,No,No,No,No,1169.0
742,2018,CommuterRail,21,No,No,No,No,No,No,No,334.0
743,2018,CommuterRail,21,No,No,No,No,Yes,No,Yes,71.0
744,2018,CommuterRail,21,No,Yes,No,No,No,No,No,107.0
745,2018,CommuterRail,22,No,No,No,No,No,No,No,835.0
746,2018,CommuterRail,23,No,No,No,No,No,No,No,568.0
747,2018,Ferry,4,No,No,No,No,No,No,No,161.0
748,2018,Ferry,5,No,No,No,No,No,No,No,68.0
749,2018,Ferry,5,No,No,No,No,Yes,Yes,No,86.0
750,2018,Ferry,6,No,No,No,No,No,No,No,2060.0
751,2018,Ferry,7,No,No,No,No,No,No,No,5490.0
752,2018,Ferry,8,No,No,No,No,No,No,No,8101.0
753,2018,Ferry,8,No,No,No,No,Yes,No,Yes,55.0
754,2018,Ferry,8,No,No,No,No,Yes,Yes,No,76.0
755,2018,Ferry,9,No,No,No,No,No,No,No,5650.0
756,2018,Ferry,10,No,No,No,No,No,No,No,495.0
757,2018,Ferry,10,No,No,No,No,Yes,Yes,No,163.0
758,2018,Ferry,11,No,No,No,No,No,No,No,434.0
759,2018,Ferry,11,No,Yes,Yes,No,Yes,Yes,Yes,52.0
760,2018,Ferry,14,No,No,No,No,No,No,No,39.0
761,2018,Ferry,14,Yes,No,No,No,No,No,No,53.0
762,2018,Ferry,15,No,No,No,No,No,No,No,75.0
763,2018,Ferry,18,No,No,No,No,No,No,No,134.0
764,2018,Ferry,20,No,No,No,No,No,No,No,99.0
765,2018,Ferry,22,No,No,No,No,No,No,No,210.0
766,2018,Other,0,No,No,No,No,No,No,No,71.0
767,2018,Other,2,No,No,No,No,No,No,No,63.0
768,2018,Other,5,No,No,No,No,No,No,No,519.0
769,2018,Other,6,No,No,No,No,No,No,No,1327.0
770,2018,Other,7,No,No,No,No,No,No,No,1680.0
771,2018,Other,7,No,No,No,No,Yes,Yes,No,207.0
772,2018,Other,8,No,No,No,No,No,No,No,3271.0
773,2018,Other,8,Yes,Yes,Yes,Yes,No,No,No,152.0
774,2018,Other,9,No,No,No,No,No,No,No,2509.0
775,2018,Other,9,No,Yes,No,No,No,No,No,98.0
776,2018,Other,10,No,No,No,No,No,No,No,794.0
777,2018,Other,11,No,No,No,No,No,No,No,758.0
778,2018,Other,12,No,No,No,No,No,No,No,168.0
779,2018,Other,13,No,No,No,No,No,No,No,332.0
780,2018,Other,15,No,No,No,No,No,No,No,630.0
781,2018,Other,17,No,No,No,No,No,No,No,445.0
782,2018,Other,19,No,No,No,No,No,No,No,137.0
783,2018,Other,22,No,No,No,No,No,No,No,155.0
784,2018,Subway,0,No,No,No,No,No,No,No,2750.0
785,2018,Subway,0,No,Yes,No,Yes,No,No,No,121.0
786,2018,Subway,1,No,No,No,No,No,No,No,2907.0
787,2018,Subway,1,No,No,No,No,Yes,Yes,No,310.0
788,2018,Subway,1,No,No,No,No,Yes,Yes,Yes,65.0
789,2018,Subway,1,Yes,No,No,No,Yes,Yes,No,143.0
790,2018,Subway,2,No,No,No,No,No,No,No,2616.0
791,2018,Subway,2,No,No,No,No,Yes,No,Yes,68.0
792,2018,Subway,3,No,No,No,No,No,No,No,4190.0
793,2018,Subway,3,No,No,No,No,Yes,Yes,No,128.0
794,2018,Subway,4,No,No,No,No,No,No,No,5266.0
795,2018,Subway,4,No,No,No,No,Yes,Yes,No,79.0
796,2018,Subway,4,No,Yes,No,No,No,No,No,145.0
797,2018,Subway,5,No,No,No,No,No,No,No,25628.0
798,2018,Subway,5,No,No,No,No,Yes,No,Yes,129.0
799,2018,Subway,5,No,No,No,No,Yes,Yes,No,165.0
800,2018,Subway,5,No,Yes,No,No,No,No,No,620.0
801,2018,Subway,5,No,Yes,No,Yes,No,No,No,66.0
802,2018,Subway,5,No,Yes,Yes,Yes,No,No,No,109.0
803,2018,Subway,6,No,No,No,No,No,No,No,74778.0
804,2018,Subway,6,No,No,No,No,Yes,No,Yes,654.0
805,2018,Subway,6,No,No,No,No,Yes,Yes,No,517.0
806,2018,Subway,6,No,No,No,Yes,No,No,No,108.0
807,2018,Subway,6,No,No,Yes,Yes,No,No,No,40.0
808,2018,Subway,6,No,Yes,No,No,No,No,No,1214.0
809,2018,Subway,6,No,Yes,No,No,Yes,No,Yes,175.0
810,2018,Subway,6,No,Yes,No,No,Yes,Yes,No,292.0
811,2018,Subway,6,No,Yes,Yes,Yes,No,No,No,106.0
812,2018,Subway,6,Yes,No,No,No,No,No,No,656.0
813,2018,Subway,6,Yes,No,Yes,No,No,No,No,43.0
814,2018,Subway,7,No,No,No,No,No,No,No,178128.0
815,2018,Subway,7,No,No,No,No,Yes,No,Yes,1478.0
816,2018,Subway,7,No,No,No,No,Yes,Yes,No,901.0
817,2018,Subway,7,No,No,No,No,Yes,Yes,Yes,150.0
818,2018,Subway,7,No,Yes,No,No,No,No,No,1063.0
819,2018,Subway,7,No,Yes,No,No,Yes,Yes,No,143.0
820,2018,Subway,7,No,Yes,No,Yes,No,No,No,43.0
821,2018,Subway,7,No,Yes,Yes,No,No,No,No,129.0
822,2018,Subway,7,Yes,No,No,No,No,No,No,1106.0
823,2018,Subway,7,Yes,No,Yes,No,No,No,No,330.0
824,2018,Subway,7,Yes,Yes,Yes,Yes,Yes,Yes,No,204.0
825,2018,Subway,8,No,No,No,No,No,No,No,432561.0
826,2018,Subway,8,No,No,No,No,Yes,No,Yes,885.0
827,2018,Subway,8,No,No,No,No,Yes,Yes,No,2039.0
828,2018,Subway,8,No,No,No,No,Yes,Yes,Yes,217.0
829,2018,Subway,8,No,No,Yes,No,No,No,No,122.0
830,2018,Subway,8,No,Yes,No,No,No,No,No,2497.0
831,2018,Subway,8,No,Yes,No,Yes,No,No,No,54.0
832,2018,Subway,8,No,Yes,Yes,No,No,No,No,206.0
833,2018,Subway,8,Yes,No,No,No,No,No,No,2335.0
834,2018,Subway,8,Yes,No,Yes,No,No,No,No,142.0
835,2018,Subway,8,Yes,Yes,No,No,No,No,No,153.0
836,2018,Subway,8,Yes,Yes,Yes,Yes,Yes,Yes,Yes,316.0
837,2018,Subway,9,No,No,No,No,No,No,No,326238.0
838,2018,Subway,9,No,No,No,No,Yes,No,Yes,1437.0
839,2018,Subway,9,No,No,No,No,Yes,Yes,No,2271.0
840,2018,Subway,9,No,No,No,No,Yes,Yes,Yes,186.0
841,2018,Subway,9,No,No,Yes,No,No,No,No,93.0
842,2018,Subway,9,No,No,Yes,No,Yes,Yes,No,135.0
843,2018,Subway,9,No,Yes,No,No,No,No,No,1844.0
844,2018,Subway,9,No,Yes,No,No,Yes,Yes,No,109.0
845,2018,Subway,9,No,Yes,Yes,No,No,No,No,83.0
846,2018,Subway,9,No,Yes,Yes,Yes,No,No,No,131.0
847,2018,Subway,9,Yes,No,No,No,No,No,No,1320.0
848,2018,Subway,9,Yes,Yes,No,No,No,No,No,49.0
849,2018,Subway,9,Yes,Yes,No,No,Yes,Yes,No,100.0
850,2018,Subway,9,Yes,Yes,Yes,No,No,No,No,171.0
851,2018,Subway,10,No,No,No,No,No,No,No,93722.0
852,2018,Subway,10,No,No,No,No,Yes,No,Yes,305.0
853,2018,Subway,10,No,No,No,No,Yes,Yes,No,748.0
854,2018,Subway,10,No,Yes,No,No,No,No,No,417.0
855,2018,Subway,10,No,Yes,No,Yes,No,No,No,58.0
856,2018,Subway,10,Yes,No,No,No,No,No,No,787.0
857,2018,Subway,10,Yes,No,No,No,Yes,No,Yes,116.0
858,2018,Subway,10,Yes,No,No,No,Yes,Yes,Yes,144.0
859,2018,Subway,10,Yes,No,Yes,No,Yes,No,Yes,79.0
860,2018,Subway,10,Yes,Yes,No,No,Yes,Yes,No,98.0
861,2018,Subway,10,Yes,Yes,Yes,Yes,No,No,No,62.0
862,2018,Subway,11,No,No,No,No,No,No,No,32897.0
863,2018,Subway,11,No,No,No,No,Yes,No,Yes,92.0
864,2018,Subway,11,Yes,No,No,No,No,No,No,193.0
865,2018,Subway,12,No,No,No,No,No,No,No,14655.0
866,2018,Subway,12,No,No,No,No,Yes,Yes,No,258.0
867,2018,Subway,12,Yes,No,Yes,No,No,No,No,157.0
868,2018,Subway,13,No,No,No,No,No,No,No,9919.0
869,2018,Subway,13,No,No,No,No,Yes,Yes,No,489.0
870,2018,Subway,13,Yes,No,No,No,No,No,No,77.0
871,2018,Subway,14,No,No,No,No,No,No,No,18932.0
872,2018,Subway,14,No,No,No,No,Yes,No,Yes,46.0
873,2018,Subway,14,No,No,No,No,Yes,Yes,No,102.0
874,2018,Subway,14,Yes,No,No,No,No,No,No,254.0
875,2018,Subway,15,No,No,No,No,No,No,No,22316.0
876,2018,Subway,15,No,No,No,No,Yes,Yes,No,262.0
877,2018,Subway,15,No,Yes,No,No,Yes,Yes,No,40.0
878,2018,Subway,15,No,Yes,No,Yes,No,No,No,286.0
879,2018,Subway,15,Yes,No,No,No,No,No,No,447.0
880,2018,Subway,16,No,No,No,No,No,No,No,20377.0
881,2018,Subway,16,No,No,No,No,Yes,Yes,No,263.0
882,2018,Subway,16,No,No,No,No,Yes,Yes,Yes,169.0
883,2018,Subway,16,No,Yes,No,No,No,No,No,532.0
884,2018,Subway,16,No,Yes,No,No,Yes,No,Yes,91.0
885,2018,Subway,16,No,Yes,Yes,No,No,No,No,78.0
886,2018,Subway,17,No,No,No,No,No,No,No,11038.0
887,2018,Subway,17,No,No,No,No,Yes,No,Yes,124.0
888,2018,Subway,17,Yes,No,No,No,No,No,No,599.0
889,2018,Subway,18,No,No,No,No,No,No,No,11570.0
890,2018,Subway,18,No,No,No,No,Yes,No,Yes,292.0
891,2018,Subway,18,No,No,No,No,Yes,Yes,No,69.0
892,2018,Subway,18,No,No,Yes,No,No,No,No,115.0
893,2018,Subway,18,No,Yes,No,No,No,No,No,383.0
894,2018,Subway,18,No,Yes,Yes,No,No,No,No,76.0
895,2018,Subway,18,Yes,No,No,No,No,No,No,67.0
896,2018,Subway,18,Yes,Yes,Yes,Yes,Yes,No,Yes,130.0
897,2018,Subway,19,No,No,No,No,No,No,No,11993.0
898,2018,Subway,19,Yes,Yes,Yes,No,No,No,No,82.0
899,2018,Subway,20,No,No,No,No,No,No,No,4471.0
900,2018,Subway,20,No,No,No,No,Yes,Yes,No,50.0
901,2018,Subway,21,No,No,No,No,No,No,No,3644.0
902,2018,Subway,21,No,No,Yes,No,No,No,No,81.0
903,2018,Subway,21,No,Yes,No,No,No,No,No,189.0
904,2018,Subway,21,No,Yes,Yes,No,No,No,No,98.0
905,2018,Subway,21,Yes,No,No,No,No,No,No,115.0
906,2018,Subway,22,No,No,No,No,No,No,No,5845.0
907,2018,Subway,22,No,No,No,No,Yes,Yes,No,76.0
908,2018,Subway,22,No,Yes,No,No,No,No,No,109.0
909,2018,Subway,22,No,Yes,No,No,Yes,Yes,No,92.0
910,2018,Subway,22,Yes,No,No,No,No,No,No,140.0
911,2018,Subway,23,No,No,No,No,No,No,No,5060.0
912,2018,Subway,23,No,No,No,No,Yes,No,Yes,109.0
913,2018,Subway,23,No,No,No,No,Yes,Yes,No,164.0
914,2018,Subway,23,No,Yes,No,No,No,No,No,65.0
915,2018,WFH,0,No,No,No,No,No,No,No,62528.0
916,2018,WFH,0,No,No,No,No,Yes,No,Yes,746.0
917,2018,WFH,0,No,No,No,No,Yes,Yes,No,572.0
918,2018,WFH,0,No,No,No,Yes,No,No,No,178.0
919,2018,WFH,0,No,Yes,No,No,No,No,No,832.0
920,2018,WFH,0,No,Yes,Yes,No,No,No,No,172.0
921,2018,WFH,0,No,Yes,Yes,Yes,Yes,No,Yes,153.0
922,2018,WFH,0,Yes,No,No,No,No,No,No,574.0
923,2018,WFH,0,Yes,No,Yes,No,No,No,No,60.0
924,2018,WFH,0,Yes,Yes,No,Yes,No,No,No,222.0
925,2018,WFH,0,Yes,Yes,Yes,Yes,No,No,No,270.0
926,2018,Walk,0,No,No,No,No,No,No,No,131.0
927,2018,Walk,1,No,No,No,No,No,No,No,65.0
928,2018,Walk,4,No,No,No,No,No,No,No,170.0
929,2018,Walk,5,No,No,No,No,No,No,No,2361.0
930,2018,Walk,5,No,Yes,Yes,Yes,No,No,No,107.0
931,2018,Walk,6,No,No,No,No,No,No,No,7008.0
932,2018,Walk,6,No,Yes,No,No,No,No,No,150.0
933,2018,Walk,7,No,No,No,No,No,No,No,22702.0
934,2018,Walk,7,No,No,No,No,Yes,No,Yes,60.0
935,2018,Walk,7,No,No,No,No,Yes,Yes,No,115.0
936,2018,Walk,7,No,No,Yes,No,No,No,No,146.0
937,2018,Walk,8,No,No,No,No,No,No,No,58177.0
938,2018,Walk,8,No,No,No,No,Yes,No,Yes,207.0
939,2018,Walk,8,No,No,No,No,Yes,Yes,No,377.0
940,2018,Walk,8,No,No,No,Yes,No,No,No,42.0
941,2018,Walk,8,No,Yes,No,No,No,No,No,128.0
942,2018,Walk,9,No,No,No,No,No,No,No,49951.0
943,2018,Walk,9,No,No,No,No,Yes,No,Yes,460.0
944,2018,Walk,9,No,No,No,No,Yes,Yes,No,70.0
945,2018,Walk,9,No,No,Yes,No,No,No,No,115.0
946,2018,Walk,9,No,Yes,No,No,No,No,No,935.0
947,2018,Walk,9,Yes,No,No,No,No,No,No,669.0
948,2018,Walk,9,Yes,Yes,Yes,Yes,Yes,Yes,No,118.0
949,2018,Walk,10,No,No,No,No,No,No,No,12426.0
950,2018,Walk,10,No,No,No,No,Yes,No,Yes,210.0
951,2018,Walk,10,Yes,No,No,No,No,No,No,50.0
952,2018,Walk,11,No,No,No,No,No,No,No,2035.0
953,2018,Walk,11,No,No,No,Yes,No,No,No,114.0
954,2018,Walk,11,No,Yes,No,No,No,No,No,154.0
955,2018,Walk,11,No,Yes,Yes,No,No,No,No,80.0
956,2018,Walk,11,Yes,No,No,No,No,No,No,254.0
957,2018,Walk,11,Yes,No,Yes,No,No,No,No,644.0
958,2018,Walk,12,No,No,No,No,No,No,No,1878.0
959,2018,Walk,12,No,No,No,No,Yes,No,Yes,112.0
960,2018,Walk,12,No,No,No,No,Yes,Yes,No,96.0
961,2018,Walk,12,No,Yes,No,No,No,No,No,134.0
962,2018,Walk,13,No,No,No,No,No,No,No,898.0
963,2018,Walk,14,No,No,No,No,No,No,No,2800.0
964,2018,Walk,15,No,No,No,No,No,No,No,1584.0
965,2018,Walk,16,No,No,No,No,No,No,No,1900.0
966,2018,Walk,17,No,No,No,No,No,No,No,3250.0
967,2018,Walk,18,No,No,No,No,No,No,No,2578.0
968,2018,Walk,19,No,No,No,No,No,No,No,1033.0
969,2018,Walk,20,No,No,No,No,No,No,No,557.0
970,2018,Walk,21,No,No,No,No,No,No,No,112.0
971,2018,Walk,22,No,No,No,No,No,No,No,161.0
972,2018,Walk,22,Yes,No,No,No,No,No,No,64.0
973,2019,AutoOccupants,0,No,No,No,No,No,No,No,2447.0
974,2019,AutoOccupants,0,No,Yes,No,No,Yes,Yes,No,79.0
975,2019,AutoOccupants,1,No,No,No,No,No,No,No,1015.0
976,2019,AutoOccupants,2,No,No,No,No,No,No,No,740.0
977,2019,AutoOccupants,3,No,No,No,No,No,No,No,2021.0
978,2019,AutoOccupants,4,No,No,No,No,No,No,No,4560.0
979,2019,AutoOccupants,5,No,No,No,No,No,No,No,15291.0
980,2019,AutoOccupants,5,No,Yes,No,Yes,No,No,No,371.0
981,2019,AutoOccupants,5,No,Yes,No,Yes,Yes,No,Yes,40.0
982,2019,AutoOccupants,5,No,Yes,Yes,No,No,No,No,31.0
983,2019,AutoOccupants,6,No,No,No,No,No,No,No,40852.0
984,2019,AutoOccupants,6,No,No,No,No,Yes,No,Yes,249.0
985,2019,AutoOccupants,6,No,No,No,No,Yes,Yes,No,317.0
986,2019,AutoOccupants,6,No,No,No,No,Yes,Yes,Yes,111.0
987,2019,AutoOccupants,6,No,No,Yes,Yes,No,No,No,83.0
988,2019,AutoOccupants,6,No,Yes,No,No,No,No,No,543.0
989,2019,AutoOccupants,6,No,Yes,No,No,Yes,Yes,No,131.0
990,2019,AutoOccupants,6,Yes,No,Yes,No,No,No,No,55.0
991,2019,AutoOccupants,7,No,No,No,No,No,No,No,58986.0
992,2019,AutoOccupants,7,No,No,No,No,Yes,No,Yes,629.0
993,2019,AutoOccupants,7,No,No,No,No,Yes,Yes,No,493.0
994,2019,AutoOccupants,7,No,No,Yes,No,No,No,No,82.0
995,2019,AutoOccupants,7,No,Yes,No,No,No,No,No,796.0
996,2019,AutoOccupants,7,No,Yes,No,No,Yes,Yes,No,74.0
997,2019,AutoOccupants,7,No,Yes,No,No,Yes,Yes,Yes,108.0
998,2019,AutoOccupants,7,No,Yes,Yes,No,No,No,No,171.0
999,2019,AutoOccupants,7,No,Yes,Yes,Yes,No,No,No,203.0
1000,2019,AutoOccupants,7,Yes,No,No,No,No,No,No,169.0
1001,2019,AutoOccupants,7,Yes,No,Yes,Yes,No,No,No,62.0
1002,2019,AutoOccupants,7,Yes,Yes,Yes,No,Yes,No,Yes,52.0
1003,2019,AutoOccupants,7,Yes,Yes,Yes,Yes,No,No,No,81.0
1004,2019,AutoOccupants,8,No,No,No,No,No,No,No,69147.0
1005,2019,AutoOccupants,8,No,No,No,No,Yes,No,Yes,277.0
1006,2019,AutoOccupants,8,No,No,No,No,Yes,Yes,No,202.0
1007,2019,AutoOccupants,8,No,No,No,No,Yes,Yes,Yes,136.0
1008,2019,AutoOccupants,8,No,No,Yes,No,No,No,No,104.0
1009,2019,AutoOccupants,8,No,No,Yes,No,Yes,Yes,No,81.0
1010,2019,AutoOccupants,8,No,Yes,No,No,No,No,No,508.0
1011,2019,AutoOccupants,8,No,Yes,No,No,Yes,Yes,No,42.0
1012,2019,AutoOccupants,8,No,Yes,Yes,No,No,No,No,77.0
1013,2019,AutoOccupants,8,No,Yes,Yes,No,Yes,Yes,No,100.0
1014,2019,AutoOccupants,8,No,Yes,Yes,Yes,No,No,No,127.0
1015,2019,AutoOccupants,8,Yes,No,No,No,No,No,No,412.0
1016,2019,AutoOccupants,8,Yes,Yes,No,No,Yes,Yes,No,40.0
1017,2019,AutoOccupants,8,Yes,Yes,No,Yes,No,No,No,111.0
1018,2019,AutoOccupants,9,No,No,No,No,No,No,No,48187.0
1019,2019,AutoOccupants,9,No,No,No,No,Yes,No,Yes,187.0
1020,2019,AutoOccupants,9,No,No,No,No,Yes,Yes,No,1096.0
1021,2019,AutoOccupants,9,No,No,No,Yes,No,No,No,170.0
1022,2019,AutoOccupants,9,No,Yes,No,No,No,No,No,189.0
1023,2019,AutoOccupants,9,Yes,No,No,No,No,No,No,83.0
1024,2019,AutoOccupants,9,Yes,No,No,No,Yes,Yes,No,66.0
1025,2019,AutoOccupants,9,Yes,No,Yes,No,Yes,Yes,No,132.0
1026,2019,AutoOccupants,9,Yes,Yes,Yes,Yes,Yes,Yes,Yes,46.0
1027,2019,AutoOccupants,10,No,No,No,No,No,No,No,19356.0
1028,2019,AutoOccupants,10,No,No,No,No,Yes,No,Yes,105.0
1029,2019,AutoOccupants,10,No,No,No,No,Yes,Yes,No,194.0
1030,2019,AutoOccupants,10,No,Yes,No,No,No,No,No,136.0
1031,2019,AutoOccupants,10,No,Yes,No,No,Yes,No,Yes,130.0
1032,2019,AutoOccupants,10,No,Yes,No,Yes,No,No,No,69.0
1033,2019,AutoOccupants,11,No,No,No,No,No,No,No,7180.0
1034,2019,AutoOccupants,11,No,No,No,No,Yes,Yes,No,247.0
1035,2019,AutoOccupants,11,No,Yes,No,No,No,No,No,151.0
1036,2019,AutoOccupants,11,No,Yes,Yes,Yes,No,No,No,40.0
1037,2019,AutoOccupants,11,Yes,No,No,No,No,No,No,66.0
1038,2019,AutoOccupants,12,No,No,No,No,No,No,No,4324.0
1039,2019,AutoOccupants,12,No,No,No,No,Yes,No,Yes,86.0
1040,2019,AutoOccupants,13,No,No,No,No,No,No,No,3988.0
1041,2019,AutoOccupants,14,No,No,No,No,No,No,No,7579.0
1042,2019,AutoOccupants,14,No,No,No,No,Yes,No,Yes,58.0
1043,2019,AutoOccupants,14,No,No,No,No,Yes,Yes,No,78.0
1044,2019,AutoOccupants,14,No,Yes,No,No,No,No,No,190.0
1045,2019,AutoOccupants,14,No,Yes,Yes,Yes,No,No,No,45.0
1046,2019,AutoOccupants,15,No,No,No,No,No,No,No,6588.0
1047,2019,AutoOccupants,15,No,No,No,No,Yes,Yes,No,175.0
1048,2019,AutoOccupants,16,No,No,No,No,No,No,No,3030.0
1049,2019,AutoOccupants,16,Yes,Yes,Yes,No,No,No,No,60.0
1050,2019,AutoOccupants,17,No,No,No,No,No,No,No,3445.0
1051,2019,AutoOccupants,17,No,No,No,No,Yes,Yes,No,51.0
1052,2019,AutoOccupants,17,No,Yes,No,No,No,No,No,99.0
1053,2019,AutoOccupants,18,No,No,No,No,No,No,No,4398.0
1054,2019,AutoOccupants,18,No,Yes,No,No,No,No,No,174.0
1055,2019,AutoOccupants,19,No,No,No,No,No,No,No,2952.0
1056,2019,AutoOccupants,19,No,No,No,No,Yes,Yes,No,85.0
1057,2019,AutoOccupants,20,No,No,No,No,No,No,No,1727.0
1058,2019,AutoOccupants,20,No,Yes,No,No,No,No,No,102.0
1059,2019,AutoOccupants,20,No,Yes,No,No,Yes,Yes,Yes,49.0
1060,2019,AutoOccupants,21,No,No,No,No,No,No,No,2172.0
1061,2019,AutoOccupants,21,No,Yes,Yes,No,No,No,No,91.0
1062,2019,AutoOccupants,22,No,No,No,No,No,No,No,2977.0
1063,2019,AutoOccupants,23,No,No,No,No,No,No,No,3688.0
1064,2019,Bicycle,5,No,No,No,No,No,No,No,166.0
1065,2019,Bicycle,6,No,No,No,No,No,No,No,590.0
1066,2019,Bicycle,7,No,No,No,No,No,No,No,7006.0
1067,2019,Bicycle,7,Yes,No,No,No,No,No,No,40.0
1068,2019,Bicycle,8,No,No,No,No,No,No,No,9959.0
1069,2019,Bicycle,9,No,No,No,No,No,No,No,6160.0
1070,2019,Bicycle,10,No,No,No,No,No,No,No,2400.0
1071,2019,Bicycle,10,Yes,No,No,No,No,No,No,421.0
1072,2019,Bicycle,11,No,No,No,No,No,No,No,919.0
1073,2019,Bicycle,11,Yes,No,No,No,No,No,No,101.0
1074,2019,Bicycle,14,No,No,No,No,No,No,No,310.0
1075,2019,Bicycle,15,No,No,No,No,No,No,No,308.0
1076,2019,Bicycle,16,No,No,No,No,No,No,No,117.0
1077,2019,Bicycle,17,No,Yes,No,No,No,No,No,36.0
1078,2019,Bicycle,18,No,No,No,No,No,No,No,151.0
1079,2019,Bicycle,19,No,No,No,No,No,No,No,137.0
1080,2019,Bus,0,No,No,No,No,No,No,No,73.0
1081,2019,Bus,1,No,No,No,No,No,No,No,1988.0
1082,2019,Bus,1,No,Yes,No,No,No,No,No,105.0
1083,2019,Bus,2,No,No,No,No,No,No,No,970.0
1084,2019,Bus,2,Yes,Yes,Yes,No,No,No,No,48.0
1085,2019,Bus,3,No,No,No,No,No,No,No,2025.0
1086,2019,Bus,4,No,No,No,No,No,No,No,911.0
1087,2019,Bus,5,No,No,No,No,No,No,No,7676.0
1088,2019,Bus,5,No,Yes,No,No,No,No,No,171.0
1089,2019,Bus,6,No,No,No,No,No,No,No,23272.0
1090,2019,Bus,6,No,No,No,No,Yes,Yes,No,319.0
1091,2019,Bus,6,No,Yes,No,No,No,No,No,701.0
1092,2019,Bus,6,No,Yes,Yes,No,No,No,No,76.0
1093,2019,Bus,6,No,Yes,Yes,Yes,Yes,Yes,No,53.0
1094,2019,Bus,6,Yes,No,No,No,No,No,No,329.0
1095,2019,Bus,6,Yes,Yes,No,No,No,No,No,51.0
1096,2019,Bus,7,No,No,No,No,No,No,No,60722.0
1097,2019,Bus,7,No,No,No,No,Yes,No,Yes,861.0
1098,2019,Bus,7,No,No,Yes,No,No,No,No,78.0
1099,2019,Bus,7,No,Yes,No,No,No,No,No,817.0
1100,2019,Bus,7,No,Yes,No,Yes,No,No,No,70.0
1101,2019,Bus,7,Yes,No,No,No,No,No,No,52.0
1102,2019,Bus,7,Yes,Yes,Yes,Yes,Yes,Yes,Yes,471.0
1103,2019,Bus,8,No,No,No,No,No,No,No,90029.0
1104,2019,Bus,8,No,No,No,No,Yes,No,Yes,386.0
1105,2019,Bus,8,No,No,No,No,Yes,Yes,No,447.0
1106,2019,Bus,8,No,No,No,Yes,No,No,No,87.0
1107,2019,Bus,8,No,No,Yes,No,No,No,No,62.0
1108,2019,Bus,8,No,Yes,No,No,No,No,No,228.0
1109,2019,Bus,8,No,Yes,No,No,Yes,Yes,No,72.0
1110,2019,Bus,8,No,Yes,Yes,Yes,No,No,No,67.0
1111,2019,Bus,8,Yes,No,No,No,No,No,No,1200.0
1112,2019,Bus,8,Yes,No,Yes,No,No,No,No,186.0
1113,2019,Bus,8,Yes,Yes,No,Yes,No,No,No,342.0
1114,2019,Bus,8,Yes,Yes,Yes,No,No,No,No,62.0
1115,2019,Bus,9,No,No,No,No,No,No,No,55118.0
1116,2019,Bus,9,No,No,No,No,Yes,No,Yes,154.0
1117,2019,Bus,9,No,No,No,No,Yes,Yes,No,72.0
1118,2019,Bus,9,No,Yes,No,No,No,No,No,868.0
1119,2019,Bus,9,No,Yes,No,No,Yes,No,Yes,114.0
1120,2019,Bus,9,No,Yes,No,Yes,No,No,No,232.0
1121,2019,Bus,9,No,Yes,Yes,No,No,No,No,93.0
1122,2019,Bus,9,Yes,No,No,No,No,No,No,294.0
1123,2019,Bus,9,Yes,Yes,No,Yes,No,No,No,54.0
1124,2019,Bus,10,No,No,No,No,No,No,No,15178.0
1125,2019,Bus,10,No,No,No,No,Yes,No,Yes,251.0
1126,2019,Bus,10,No,No,No,No,Yes,Yes,No,96.0
1127,2019,Bus,10,Yes,No,No,Yes,No,No,No,64.0
1128,2019,Bus,11,No,No,No,No,No,No,No,4532.0
1129,2019,Bus,11,No,No,No,No,Yes,Yes,No,58.0
1130,2019,Bus,11,Yes,No,No,No,No,No,No,91.0
1131,2019,Bus,12,No,No,No,No,No,No,No,2096.0
1132,2019,Bus,12,No,No,No,No,Yes,Yes,No,45.0
1133,2019,Bus,12,No,Yes,Yes,No,No,No,No,57.0
1134,2019,Bus,12,Yes,No,No,No,No,No,No,63.0
1135,2019,Bus,12,Yes,Yes,Yes,Yes,No,No,No,57.0
1136,2019,Bus,13,No,No,No,No,No,No,No,3161.0
1137,2019,Bus,13,No,Yes,No,No,No,No,No,94.0
1138,2019,Bus,14,No,No,No,No,No,No,No,3027.0
1139,2019,Bus,14,Yes,Yes,No,No,No,No,No,59.0
1140,2019,Bus,15,No,No,No,No,No,No,No,3719.0
1141,2019,Bus,15,Yes,No,No,No,No,No,No,205.0
1142,2019,Bus,15,Yes,No,Yes,No,No,No,No,86.0
1143,2019,Bus,16,No,No,No,No,No,No,No,2926.0
1144,2019,Bus,17,No,No,No,No,No,No,No,1780.0
1145,2019,Bus,17,No,Yes,No,No,No,No,No,49.0
1146,2019,Bus,18,No,No,No,No,No,No,No,1203.0
1147,2019,Bus,19,No,No,No,No,No,No,No,1136.0
1148,2019,Bus,20,No,No,No,No,No,No,No,942.0
1149,2019,Bus,20,No,Yes,No,No,No,No,No,111.0
1150,2019,Bus,21,No,No,No,No,No,No,No,1573.0
1151,2019,Bus,22,No,No,No,No,No,No,No,873.0
1152,2019,Bus,22,Yes,No,No,No,No,No,No,118.0
1153,2019,Bus,23,No,No,No,No,No,No,No,1218.0
1154,2019,CommuterRail,0,No,No,No,No,No,No,No,102.0
1155,2019,CommuterRail,1,No,No,No,No,No,No,No,998.0
1156,2019,CommuterRail,1,Yes,No,Yes,No,No,No,No,90.0
1157,2019,CommuterRail,2,No,No,No,No,No,No,No,1449.0
1158,2019,CommuterRail,3,No,No,No,No,No,No,No,470.0
1159,2019,CommuterRail,4,No,No,No,No,No,No,No,678.0
1160,2019,CommuterRail,5,No,No,No,No,No,No,No,2463.0
1161,2019,CommuterRail,5,No,No,No,No,Yes,No,Yes,410.0
1162,2019,CommuterRail,6,No,No,No,No,No,No,No,19782.0
1163,2019,CommuterRail,6,No,No,No,No,Yes,No,Yes,16.0
1164,2019,CommuterRail,6,No,No,No,No,Yes,Yes,No,456.0
1165,2019,CommuterRail,6,No,Yes,No,No,No,No,No,151.0
1166,2019,CommuterRail,6,No,Yes,No,No,Yes,Yes,Yes,57.0
1167,2019,CommuterRail,6,Yes,No,No,No,Yes,Yes,Yes,134.0
1168,2019,CommuterRail,7,No,No,No,No,No,No,No,57423.0
1169,2019,CommuterRail,7,No,No,No,No,Yes,No,Yes,594.0
1170,2019,CommuterRail,7,No,No,No,No,Yes,Yes,No,235.0
1171,2019,CommuterRail,7,No,No,No,Yes,No,No,No,67.0
1172,2019,CommuterRail,7,No,Yes,No,No,No,No,No,300.0
1173,2019,CommuterRail,7,No,Yes,No,No,Yes,No,Yes,251.0
1174,2019,CommuterRail,7,Yes,No,No,No,No,No,No,362.0
1175,2019,CommuterRail,8,No,No,No,No,No,No,No,130806.0
1176,2019,CommuterRail,8,No,No,No,No,Yes,No,Yes,1191.0
1177,2019,CommuterRail,8,No,No,No,No,Yes,Yes,No,328.0
1178,2019,CommuterRail,8,No,No,Yes,No,No,No,No,150.0
1179,2019,CommuterRail,8,No,No,Yes,No,Yes,Yes,No,63.0
1180,2019,CommuterRail,8,No,Yes,No,No,No,No,No,266.0
1181,2019,CommuterRail,8,No,Yes,Yes,No,No,No,No,88.0
1182,2019,CommuterRail,8,Yes,No,No,No,No,No,No,759.0
1183,2019,CommuterRail,8,Yes,No,Yes,No,No,No,No,74.0
1184,2019,CommuterRail,9,No,No,No,No,No,No,No,77004.0
1185,2019,CommuterRail,9,No,No,No,No,Yes,No,Yes,1083.0
1186,2019,CommuterRail,9,No,No,No,No,Yes,Yes,No,524.0
1187,2019,CommuterRail,9,No,No,No,No,Yes,Yes,Yes,76.0
1188,2019,CommuterRail,9,No,Yes,No,No,No,No,No,410.0
1189,2019,CommuterRail,9,Yes,No,No,No,No,No,No,155.0
1190,2019,CommuterRail,9,Yes,Yes,No,No,Yes,Yes,Yes,400.0
1191,2019,CommuterRail,10,No,No,No,No,No,No,No,16304.0
1192,2019,CommuterRail,10,No,No,No,No,Yes,No,Yes,419.0
1193,2019,CommuterRail,10,No,Yes,No,No,No,No,No,36.0
1194,2019,CommuterRail,10,Yes,No,No,No,No,No,No,82.0
1195,2019,CommuterRail,11,No,No,No,No,No,No,No,3777.0
1196,2019,CommuterRail,11,No,No,No,No,Yes,No,Yes,83.0
1197,2019,CommuterRail,12,No,No,No,No,No,No,No,2151.0
1198,2019,CommuterRail,12,No,No,No,No,Yes,Yes,No,87.0
1199,2019,CommuterRail,12,Yes,No,No,No,No,No,No,60.0
1200,2019,CommuterRail,13,No,No,No,No,No,No,No,1279.0
1201,2019,CommuterRail,14,No,No,No,No,No,No,No,1768.0
1202,2019,CommuterRail,15,No,No,No,No,No,No,No,1127.0
1203,2019,CommuterRail,15,Yes,No,Yes,No,No,No,No,52.0
1204,2019,CommuterRail,16,No,No,No,No,No,No,No,1421.0
1205,2019,CommuterRail,16,Yes,No,No,No,No,No,No,225.0
1206,2019,CommuterRail,17,No,No,No,No,No,No,No,554.0
1207,2019,CommuterRail,17,No,No,No,No,Yes,No,Yes,93.0
1208,2019,CommuterRail,18,No,No,No,No,No,No,No,825.0
1209,2019,CommuterRail,19,No,No,No,No,No,No,No,165.0
1210,2019,CommuterRail,20,No,No,No,No,No,No,No,93.0
1211,2019,CommuterRail,21,No,No,No,No,No,No,No,319.0
1212,2019,CommuterRail,21,No,No,No,No,Yes,No,Yes,60.0
1213,2019,CommuterRail,22,No,No,No,No,No,No,No,1145.0
1214,2019,CommuterRail,23,No,No,No,No,No,No,No,1034.0
1215,2019,Ferry,5,No,No,No,No,No,No,No,135.0
1216,2019,Ferry,6,No,No,No,No,No,No,No,2161.0
1217,2019,Ferry,6,No,No,No,No,Yes,No,Yes,91.0
1218,2019,Ferry,7,No,No,No,No,No,No,No,8133.0
1219,2019,Ferry,7,No,Yes,No,No,No,No,No,129.0
1220,2019,Ferry,8,No,No,No,No,No,No,No,7287.0
1221,2019,Ferry,8,No,No,No,No,Yes,Yes,No,171.0
1222,2019,Ferry,8,No,No,No,Yes,No,No,No,83.0
1223,2019,Ferry,8,No,Yes,No,Yes,No,No,No,54.0
1224,2019,Ferry,8,Yes,No,No,No,No,No,No,61.0
1225,2019,Ferry,9,No,No,No,No,No,No,No,7689.0
1226,2019,Ferry,9,Yes,No,No,No,No,No,No,102.0
1227,2019,Ferry,10,No,No,No,No,No,No,No,882.0
1228,2019,Ferry,11,No,No,No,No,No,No,No,218.0
1229,2019,Ferry,15,Yes,No,No,No,No,No,No,105.0
1230,2019,Ferry,19,No,No,No,No,No,No,No,224.0
1231,2019,Ferry,22,No,No,No,No,No,No,No,86.0
1232,2019,Other,1,No,No,No,No,No,No,No,133.0
1233,2019,Other,5,No,No,No,No,No,No,No,54.0
1234,2019,Other,6,No,No,No,No,No,No,No,703.0
1235,2019,Other,6,No,Yes,Yes,No,No,No,No,60.0
1236,2019,Other,7,No,No,No,No,No,No,No,1208.0
1237,2019,Other,7,No,Yes,No,No,No,No,No,43.0
1238,2019,Other,8,No,No,No,No,No,No,No,3507.0
1239,2019,Other,8,No,No,No,No,Yes,Yes,No,245.0
1240,2019,Other,8,No,Yes,Yes,Yes,No,No,No,92.0
1241,2019,Other,9,No,No,No,No,No,No,No,2502.0
1242,2019,Other,9,No,Yes,No,Yes,Yes,No,Yes,250.0
1243,2019,Other,9,No,Yes,Yes,Yes,Yes,Yes,No,424.0
1244,2019,Other,10,No,No,No,No,No,No,No,210.0
1245,2019,Other,11,No,No,No,No,No,No,No,411.0
1246,2019,Other,12,No,No,No,No,No,No,No,436.0
1247,2019,Other,13,No,No,No,No,No,No,No,62.0
1248,2019,Other,14,No,No,No,No,No,No,No,271.0
1249,2019,Other,14,No,Yes,No,No,No,No,No,48.0
1250,2019,Other,17,No,No,No,No,No,No,No,40.0
1251,2019,Subway,0,No,No,No,No,No,No,No,2985.0
1252,2019,Subway,0,No,Yes,Yes,No,No,No,No,119.0
1253,2019,Subway,0,Yes,Yes,Yes,Yes,Yes,Yes,Yes,217.0
1254,2019,Subway,1,No,No,No,No,No,No,No,3077.0
1255,2019,Subway,2,No,No,No,No,No,No,No,6557.0
1256,2019,Subway,2,No,No,No,No,Yes,Yes,No,42.0
1257,2019,Subway,2,No,Yes,No,No,Yes,No,Yes,91.0
1258,2019,Subway,2,Yes,No,No,No,No,No,No,135.0
1259,2019,Subway,3,No,No,No,No,No,No,No,3101.0
1260,2019,Subway,3,No,No,No,No,Yes,Yes,No,66.0
1261,2019,Subway,4,No,No,No,No,No,No,No,6536.0
1262,2019,Subway,4,No,No,No,No,Yes,No,Yes,231.0
1263,2019,Subway,4,No,No,No,No,Yes,Yes,No,54.0
1264,2019,Subway,4,No,Yes,Yes,No,No,No,No,238.0
1265,2019,Subway,4,Yes,No,No,No,No,No,No,66.0
1266,2019,Subway,5,No,No,No,No,No,No,No,18415.0
1267,2019,Subway,5,No,No,No,No,Yes,No,Yes,72.0
1268,2019,Subway,5,No,No,No,No,Yes,Yes,No,653.0
1269,2019,Subway,5,Yes,No,No,No,No,No,No,418.0
1270,2019,Subway,5,Yes,No,No,Yes,No,No,No,89.0
1271,2019,Subway,6,No,No,No,No,No,No,No,73857.0
1272,2019,Subway,6,No,No,No,No,Yes,No,Yes,223.0
1273,2019,Subway,6,No,No,No,No,Yes,Yes,No,330.0
1274,2019,Subway,6,No,Yes,No,No,No,No,No,323.0
1275,2019,Subway,6,No,Yes,No,Yes,No,No,No,64.0
1276,2019,Subway,6,Yes,No,No,No,No,No,No,117.0
1277,2019,Subway,6,Yes,No,Yes,No,No,No,No,205.0
1278,2019,Subway,6,Yes,Yes,No,No,Yes,Yes,No,112.0
1279,2019,Subway,7,No,No,No,No,No,No,No,194159.0
1280,2019,Subway,7,No,No,No,No,Yes,No,Yes,1358.0
1281,2019,Subway,7,No,No,No,No,Yes,Yes,No,569.0
1282,2019,Subway,7,No,No,No,No,Yes,Yes,Yes,279.0
1283,2019,Subway,7,No,No,No,Yes,No,No,No,233.0
1284,2019,Subway,7,No,No,Yes,No,No,No,No,524.0
1285,2019,Subway,7,No,Yes,No,No,No,No,No,1303.0
1286,2019,Subway,7,No,Yes,Yes,No,No,No,No,217.0
1287,2019,Subway,7,No,Yes,Yes,Yes,No,No,No,178.0
1288,2019,Subway,7,No,Yes,Yes,Yes,Yes,Yes,No,80.0
1289,2019,Subway,7,Yes,No,No,No,No,No,No,1441.0
1290,2019,Subway,7,Yes,No,No,No,Yes,No,Yes,79.0
1291,2019,Subway,7,Yes,No,Yes,No,No,No,No,67.0
1292,2019,Subway,7,Yes,Yes,No,Yes,Yes,Yes,Yes,59.0
1293,2019,Subway,7,Yes,Yes,Yes,Yes,No,No,No,57.0
1294,2019,Subway,7,Yes,Yes,Yes,Yes,Yes,Yes,No,31.0
1295,2019,Subway,8,No,No,No,No,No,No,No,405283.0
1296,2019,Subway,8,No,No,No,No,Yes,No,Yes,1394.0
1297,2019,Subway,8,No,No,No,No,Yes,Yes,No,2394.0
1298,2019,Subway,8,No,No,No,No,Yes,Yes,Yes,404.0
1299,2019,Subway,8,No,No,Yes,No,No,No,No,160.0
1300,2019,Subway,8,No,No,Yes,Yes,No,No,No,91.0
1301,2019,Subway,8,No,Yes,No,No,No,No,No,2455.0
1302,2019,Subway,8,No,Yes,No,No,Yes,No,Yes,53.0
1303,2019,Subway,8,No,Yes,No,No,Yes,Yes,No,118.0
1304,2019,Subway,8,No,Yes,No,Yes,No,No,No,152.0
1305,2019,Subway,8,No,Yes,Yes,No,No,No,No,458.0
1306,2019,Subway,8,No,Yes,Yes,Yes,No,No,No,281.0
1307,2019,Subway,8,Yes,No,No,No,No,No,No,2006.0
1308,2019,Subway,8,Yes,No,Yes,No,No,No,No,58.0
1309,2019,Subway,8,Yes,Yes,No,No,No,No,No,148.0
1310,2019,Subway,8,Yes,Yes,No,Yes,Yes,Yes,Yes,244.0
1311,2019,Subway,8,Yes,Yes,Yes,No,No,No,No,68.0
1312,2019,Subway,8,Yes,Yes,Yes,Yes,No,No,No,685.0
1313,2019,Subway,8,Yes,Yes,Yes,Yes,Yes,Yes,No,91.0
1314,2019,Subway,9,No,No,No,No,No,No,No,346620.0
1315,2019,Subway,9,No,No,No,No,Yes,No,Yes,1480.0
1316,2019,Subway,9,No,No,No,No,Yes,Yes,No,1427.0
1317,2019,Subway,9,No,No,No,Yes,No,No,No,176.0
1318,2019,Subway,9,No,No,Yes,No,No,No,No,484.0
1319,2019,Subway,9,No,Yes,No,No,No,No,No,2048.0
1320,2019,Subway,9,No,Yes,No,No,Yes,No,Yes,249.0
1321,2019,Subway,9,No,Yes,No,No,Yes,Yes,No,262.0
1322,2019,Subway,9,No,Yes,Yes,No,No,No,No,168.0
1323,2019,Subway,9,No,Yes,Yes,Yes,No,No,No,82.0
1324,2019,Subway,9,No,Yes,Yes,Yes,Yes,No,Yes,27.0
1325,2019,Subway,9,Yes,No,No,No,No,No,No,2679.0
1326,2019,Subway,9,Yes,No,No,No,Yes,No,Yes,69.0
1327,2019,Subway,9,Yes,No,No,No,Yes,Yes,No,494.0
1328,2019,Subway,9,Yes,No,Yes,No,No,No,No,191.0
1329,2019,Subway,9,Yes,Yes,No,No,No,No,No,36.0
1330,2019,Subway,9,Yes,Yes,No,No,Yes,Yes,No,32.0
1331,2019,Subway,9,Yes,Yes,Yes,No,No,No,No,106.0
1332,2019,Subway,9,Yes,Yes,Yes,Yes,Yes,Yes,No,224.0
1333,2019,Subway,9,Yes,Yes,Yes,Yes,Yes,Yes,Yes,319.0
1334,2019,Subway,10,No,No,No,No,No,No,No,103007.0
1335,2019,Subway,10,No,No,No,No,Yes,No,Yes,289.0
1336,2019,Subway,10,No,No,No,No,Yes,Yes,No,925.0
1337,2019,Subway,10,No,No,Yes,No,No,No,No,327.0
1338,2019,Subway,10,No,Yes,No,No,No,No,No,834.0
1339,2019,Subway,10,No,Yes,No,No,Yes,No,Yes,97.0
1340,2019,Subway,10,Yes,No,No,No,No,No,No,489.0
1341,2019,Subway,10,Yes,No,Yes,No,No,No,No,246.0
1342,2019,Subway,10,Yes,Yes,No,No,No,No,No,91.0
1343,2019,Subway,10,Yes,Yes,No,No,Yes,No,Yes,102.0
1344,2019,Subway,11,No,No,No,No,No,No,No,33201.0
1345,2019,Subway,11,No,No,No,No,Yes,No,Yes,511.0
1346,2019,Subway,11,No,No,No,No,Yes,Yes,No,315.0
1347,2019,Subway,11,No,Yes,No,No,No,No,No,753.0
1348,2019,Subway,11,No,Yes,No,No,Yes,Yes,No,89.0
1349,2019,Subway,11,Yes,No,No,No,No,No,No,49.0
1350,2019,Subway,11,Yes,Yes,No,No,Yes,Yes,No,70.0
1351,2019,Subway,12,No,No,No,No,No,No,No,17608.0
1352,2019,Subway,12,No,No,No,No,Yes,Yes,No,39.0
1353,2019,Subway,12,No,Yes,No,No,No,No,No,568.0
1354,2019,Subway,12,No,Yes,No,No,Yes,No,Yes,177.0
1355,2019,Subway,12,Yes,No,No,No,No,No,No,28.0
1356,2019,Subway,12,Yes,Yes,No,Yes,Yes,Yes,Yes,500.0
1357,2019,Subway,13,No,No,No,No,No,No,No,10968.0
1358,2019,Subway,13,No,No,No,No,Yes,No,Yes,318.0
1359,2019,Subway,13,No,No,No,No,Yes,Yes,No,81.0
1360,2019,Subway,13,No,No,No,No,Yes,Yes,Yes,57.0
1361,2019,Subway,13,Yes,No,No,No,No,No,No,317.0
1362,2019,Subway,13,Yes,No,Yes,No,No,No,No,96.0
1363,2019,Subway,14,No,No,No,No,No,No,No,20284.0
1364,2019,Subway,14,No,No,No,No,Yes,No,Yes,41.0
1365,2019,Subway,14,No,No,Yes,No,No,No,No,29.0
1366,2019,Subway,14,No,Yes,No,No,No,No,No,156.0
1367,2019,Subway,14,Yes,No,No,No,Yes,No,Yes,26.0
1368,2019,Subway,15,No,No,No,No,No,No,No,18995.0
1369,2019,Subway,15,No,No,No,No,Yes,No,Yes,108.0
1370,2019,Subway,15,No,No,No,No,Yes,Yes,No,50.0
1371,2019,Subway,15,No,Yes,No,No,No,No,No,177.0
1372,2019,Subway,16,No,No,No,No,No,No,No,14177.0
1373,2019,Subway,16,No,No,No,No,Yes,Yes,No,900.0
1374,2019,Subway,16,No,No,No,No,Yes,Yes,Yes,32.0
1375,2019,Subway,16,No,Yes,No,No,No,No,No,138.0
1376,2019,Subway,16,Yes,No,No,No,No,No,No,173.0
1377,2019,Subway,17,No,No,No,No,No,No,No,14219.0
1378,2019,Subway,17,No,Yes,No,No,No,No,No,197.0
1379,2019,Subway,17,Yes,No,No,No,No,No,No,47.0
1380,2019,Subway,18,No,No,No,No,No,No,No,7466.0
1381,2019,Subway,18,No,No,No,No,Yes,No,Yes,525.0
1382,2019,Subway,18,No,No,No,No,Yes,Yes,No,153.0
1383,2019,Subway,18,No,Yes,No,No,No,No,No,84.0
1384,2019,Subway,18,No,Yes,Yes,No,No,No,No,130.0
1385,2019,Subway,19,No,No,No,No,No,No,No,3679.0
1386,2019,Subway,19,No,No,No,No,Yes,Yes,No,314.0
1387,2019,Subway,19,No,Yes,Yes,No,No,No,No,120.0
1388,2019,Subway,20,No,No,No,No,No,No,No,3911.0
1389,2019,Subway,20,No,No,No,No,Yes,Yes,Yes,104.0
1390,2019,Subway,20,Yes,No,No,No,No,No,No,104.0
1391,2019,Subway,21,No,No,No,No,No,No,No,4947.0
1392,2019,Subway,22,No,No,No,No,No,No,No,5836.0
1393,2019,Subway,22,Yes,No,No,No,No,No,No,109.0
1394,2019,Subway,23,No,No,No,No,No,No,No,5655.0
1395,2019,WFH,0,No,No,No,No,No,No,No,67701.0
1396,2019,WFH,0,No,No,No,No,Yes,No,Yes,1023.0
1397,2019,WFH,0,No,No,No,No,Yes,Yes,No,74.0
1398,2019,WFH,0,No,No,No,Yes,No,No,No,60.0
1399,2019,WFH,0,No,Yes,No,No,No,No,No,940.0
1400,2019,WFH,0,No,Yes,No,No,Yes,No,Yes,88.0
1401,2019,WFH,0,Yes,No,No,No,No,No,No,97.0
1402,2019,WFH,0,Yes,No,Yes,No,No,No,No,168.0
1403,2019,Walk,0,No,No,No,No,No,No,No,294.0
1404,2019,Walk,4,No,No,No,No,No,No,No,480.0
1405,2019,Walk,5,No,No,No,No,No,No,No,2528.0
1406,2019,Walk,5,No,No,No,Yes,Yes,Yes,No,54.0
1407,2019,Walk,5,Yes,No,No,No,No,No,No,95.0
1408,2019,Walk,6,No,No,No,No,No,No,No,10394.0
1409,2019,Walk,6,No,No,No,No,Yes,Yes,No,313.0
1410,2019,Walk,7,No,No,No,No,No,No,No,27731.0
1411,2019,Walk,7,No,No,No,No,Yes,No,Yes,74.0
1412,2019,Walk,7,No,Yes,No,No,No,No,No,163.0
1413,2019,Walk,7,No,Yes,No,No,Yes,Yes,Yes,134.0
1414,2019,Walk,7,No,Yes,No,Yes,No,No,No,181.0
1415,2019,Walk,7,No,Yes,Yes,Yes,No,No,No,64.0
1416,2019,Walk,8,No,No,No,No,No,No,No,69225.0
1417,2019,Walk,8,No,No,No,No,Yes,No,Yes,1177.0
1418,2019,Walk,8,No,No,No,No,Yes,Yes,No,1458.0
1419,2019,Walk,8,No,No,Yes,No,Yes,Yes,No,150.0
1420,2019,Walk,8,No,Yes,No,No,No,No,No,1593.0
1421,2019,Walk,8,Yes,No,No,No,No,No,No,526.0
1422,2019,Walk,8,Yes,No,No,Yes,Yes,No,Yes,135.0
1423,2019,Walk,8,Yes,Yes,No,No,No,No,No,150.0
1424,2019,Walk,8,Yes,Yes,Yes,No,Yes,Yes,Yes,78.0
1425,2019,Walk,8,Yes,Yes,Yes,Yes,Yes,No,Yes,468.0
1426,2019,Walk,9,No,No,No,No,No,No,No,45223.0
1427,2019,Walk,9,No,No,No,No,Yes,Yes,Yes,98.0
1428,2019,Walk,9,No,Yes,No,No,No,No,No,49.0
1429,2019,Walk,9,No,Yes,No,No,Yes,Yes,No,65.0
1430,2019,Walk,9,No,Yes,No,No,Yes,Yes,Yes,304.0
1431,2019,Walk,9,No,Yes,No,Yes,No,No,No,302.0
1432,2019,Walk,9,No,Yes,Yes,No,No,No,No,105.0
1433,2019,Walk,9,Yes,No,No,No,No,No,No,218.0
1434,2019,Walk,9,Yes,No,No,No,Yes,No,Yes,116.0
1435,2019,Walk,10,No,No,No,No,No,No,No,14913.0
1436,2019,Walk,10,No,Yes,No,No,No,No,No,504.0
1437,2019,Walk,10,Yes,No,No,No,No,No,No,286.0
1438,2019,Walk,11,No,No,No,No,No,No,No,4806.0
1439,2019,Walk,11,No,Yes,No,No,No,No,No,41.0
1440,2019,Walk,12,No,No,No,No,No,No,No,4111.0
1441,2019,Walk,13,No,No,No,No,No,No,No,1175.0
1442,2019,Walk,14,No,No,No,No,No,No,No,4016.0
1443,2019,Walk,15,No,No,No,No,No,No,No,1609.0
1444,2019,Walk,15,No,No,No,No,Yes,Yes,Yes,73.0
1445,2019,Walk,16,No,No,No,No,No,No,No,3139.0
1446,2019,Walk,17,No,No,No,No,No,No,No,1712.0
1447,2019,Walk,17,Yes,No,Yes,No,No,No,No,168.0
1448,2019,Walk,18,No,No,No,No,No,No,No,3520.0
1449,2019,Walk,19,No,No,No,No,No,No,No,2607.0
1450,2019,Walk,19,Yes,No,No,No,No,No,No,88.0
1451,2019,Walk,20,No,No,No,No,No,No,No,506.0
1452,2019,Walk,21,No,No,No,No,No,No,No,424.0
1453,2019,Walk,22,No,No,No,No,No,No,No,783.0
